bearing,dataset,condition,life_min,C_w5,C_w3,C_w10,FA_w5,FA_w3,FA_w10,C1,LC,MC,EP,ECh,FD,FDh,LD,EFh,MO,MO_scorable,crit_lead,faulty_lead,det_lead,crit_bin,faulty_bin,crit_reason,O1_delay_min,fpt_row,q50_at_onset,q10_at_onset,P1_mae_common_le60,P3_late_rate,baseline_contaminated,short_healthy,abrupt,short_life,demotions,run,model
1_1,XJTU,1,123,10.0,10.0,10.0,10.0,10.0,10.0,0.0,1.0,1,0,0.0,0,0.0,0.0,0.0,0,1,,40.0,48.0,never,10-60 (useful),,0.0,74,101.0,2.813084112149533,53.0,1.0,False,False,False,False,0,pooled_LOBO_32,N
1_2,XJTU,1,161,5.316666666666666,3.3166666666666664,10.316666666666666,5.316666666666666,3.3166666666666664,10.316666666666666,0.0,0.0,0,1,0.6333333333333333,0,0.0,0.0,0.0,0,1,98.0,113.0,125.0,>60 (early page),>60 (early page),rul,0.0,35,77.33313045726403,9.158630720802922,15.36316225946501,0.6774193548387096,False,False,False,False,0,pooled_LOBO_32,N
1_3,XJTU,1,158,0.0,0.0,0.0,0.0,0.0,0.0,0.0,0.0,0,0,0.0,0,0.0,0.0,0.0,0,1,30.0,62.0,81.0,10-60 (useful),>60 (early page),severity,0.0,76,65.66996282690079,6.780900988808886,7.24085449303774,1.0,False,False,False,False,0,pooled_LOBO_32,N
1_4,XJTU,1,122,10.1,10.1,10.1,10.0,10.0,10.0,0.1,1.0,1,0,0.0,0,0.0,0.1,0.0,0,0,,,,never,never,,,-1,,,,,False,False,True,False,0,pooled_LOBO_32,N
1_5,XJTU,1,52,6.699999999999999,6.699999999999999,6.699999999999999,6.666666666666666,6.666666666666666,6.666666666666666,0.03333333333333333,0.6666666666666666,0,0,0.0,0,0.0,0.03333333333333333,0.0,0,0,10.0,12.0,13.0,10-60 (useful),10-60 (useful),rul,2.0,38,31.76362031835162,3.075387334574831,8.487158742055849,1.0,True,False,True,True,0,pooled_LOBO_32,N
2_1,XJTU,2,491,0.1,0.1,0.1,0.0,0.0,0.0,0.1,0.0,0,0,0.0,0,0.0,0.1,0.0,0,1,32.0,32.0,32.0,10-60 (useful),10-60 (useful),rul,6.0,458,9.617288158848105,0.2978779009330336,9.974273400584632,0.25806451612903225,True,False,False,False,0,pooled_LOBO_32,N
2_2,XJTU,2,161,5.375,3.375,10.375,5.375,3.375,10.375,0.0,0.0,0,1,0.75,0,0.0,0.0,0.0,0,1,105.0,106.0,106.0,>60 (early page),>60 (early page),rul,0.0,54,20.846145714274066,1.7634312720585492,13.421039288746906,0.6129032258064516,False,False,False,False,0,pooled_LOBO_32,N
2_3,XJTU,2,533,6.745833333333334,4.745833333333334,11.745833333333334,6.5625,4.5625,11.5625,0.18333333333333332,0.0,0,1,2.25,0,0.0,0.18333333333333332,1.75,0,1,195.0,225.0,262.0,>60 (early page),>60 (early page),rul,11.0,270,94.5,2.9381443298969074,30.0,0.0,False,False,False,False,0,pooled_LOBO_32,N
2_4,XJTU,2,42,7.733333333333333,7.733333333333333,7.733333333333333,7.666666666666667,7.666666666666667,7.666666666666667,0.06666666666666667,0.7666666666666667,1,0,0.0,0,0.0,0.06666666666666667,0.0,0,0,7.0,7.0,7.0,<10 (miss),<10 (miss),rul,4.0,34,6.1783309704842,0.0,3.9292833370135485,0.75,False,True,True,True,0,pooled_LOBO_32,N
2_5,XJTU,2,339,5.841666666666667,3.841666666666667,10.841666666666667,5.841666666666667,3.841666666666667,10.841666666666667,0.0,0.0,0,1,1.4166666666666667,0,0.0,0.0,0.5333333333333333,0,1,145.0,152.0,213.0,>60 (early page),>60 (early page),rul,0.0,125,96.847659281625,10.657563372739938,15.452165956328718,0.4838709677419355,True,False,False,False,0,pooled_LOBO_32,N
3_1,XJTU,3,2538,5.066666666666666,3.066666666666667,10.066666666666666,5.066666666666666,3.066666666666667,10.066666666666666,0.0,0.0,0,1,0.13333333333333333,0,0.0,0.0,0.0,0,1,68.0,96.0,145.0,>60 (early page),>60 (early page),rul,0.0,2392,70.68748828762429,7.967372929802769,11.792171765342168,0.7419354838709677,False,False,False,False,0,pooled_LOBO_32,N
3_2,XJTU,3,2496,7.758333333333333,5.758333333333333,12.758333333333333,7.758333333333333,5.758333333333333,12.758333333333333,0.0,0.0,0,1,3.5166666666666666,0,0.0,0.0,4.0,0,1,271.0,1260.0,1260.0,>60 (early page),>60 (early page),rul,0.0,1235,50.09238730099285,6.005980583676168,19.299959961913242,1.0,True,False,False,False,0,pooled_LOBO_32,N
3_3,XJTU,3,371,2.05,2.05,2.05,2.0,2.0,2.0,0.05,0.2,0,0,0.0,0,0.0,0.05,0.0,0,1,24.0,25.0,25.0,10-60 (useful),10-60 (useful),rul,3.0,345,9.92783597875603,0.2919257369041264,8.481305978201089,0.4230769230769231,True,False,True,False,0,pooled_LOBO_32,N
3_4,XJTU,3,1515,5.316666666666666,3.316666666666667,10.316666666666666,5.25,3.25,10.25,0.06666666666666667,0.0,0,1,0.5,0,0.0,0.06666666666666667,0.0,0,1,90.0,93.0,93.0,>60 (early page),>60 (early page),rul,4.0,1421,31.26170428036084,2.931694456188166,18.7927803295773,0.5161290322580645,True,False,False,False,0,pooled_LOBO_32,N
3_5,XJTU,3,114,5.341666666666667,3.3416666666666663,10.341666666666667,5.058333333333334,3.058333333333333,10.058333333333334,0.2833333333333333,0.0,0,1,0.11666666666666667,0,0.0,0.2833333333333333,0.0,0,1,67.0,67.0,67.0,>60 (early page),>60 (early page),rul,17.0,46,15.186972535285676,1.0187922206194386,16.38137810857105,0.4838709677419355,True,True,False,False,0,pooled_LOBO_32,N
FEMTO_1_1,FEMTO,4,467,7.05,5.05,12.05,7.05,5.05,12.05,0.0,0.0,0,1,3.066666666666667,0,0.0,0.0,2.066666666666667,0,1,244.0,244.0,244.0,>60 (early page),>60 (early page),severity,0.0,222,46.128522722977436,4.672890986839608,17.004660369201023,1.0,True,False,False,False,0,pooled_LOBO_32,N
FEMTO_1_2,FEMTO,4,145,10.029166666666667,10.029166666666667,10.029166666666667,9.333333333333334,9.333333333333334,9.333333333333334,0.6958333333333333,0.9333333333333333,1,0,0.0,1,0.7833333333333333,0.0,0.0,0,0,2.0,116.0,116.0,<10 (miss),>60 (early page),rul,-47.0,28,38.14076263195334,3.975198567916582,79.78676173129327,1.0,True,False,True,False,0,pooled_LOBO_32,N
FEMTO_1_3,FEMTO,4,395,5.504166666666666,3.504166666666667,10.504166666666666,5.504166666666666,3.504166666666667,10.504166666666666,0.0,0.0,0,1,1.0,0,0.0,0.0,0.016666666666666666,0,1,120.0,121.0,155.0,>60 (early page),>60 (early page),severity,0.0,239,109.3080736352076,13.168008825885575,12.229828597700429,0.9354838709677419,True,False,False,False,0,pooled_LOBO_32,N
FEMTO_1_4,FEMTO,4,238,0.06666666666666667,0.06666666666666667,0.06666666666666667,0.0,0.0,0.0,0.06666666666666667,0.0,0,0,0.0,0,0.0,0.06666666666666667,0.0,0,1,52.0,52.0,52.0,10-60 (useful),10-60 (useful),rul,4.0,185,3.746066018568923,0.0,22.638999163391293,0.16129032258064516,True,False,False,False,0,pooled_LOBO_32,N
FEMTO_1_5,FEMTO,4,410,10.066666666666666,10.066666666666666,10.066666666666666,10.0,10.0,10.0,0.06666666666666667,1.0,1,0,0.0,0,0.0,0.06666666666666667,0.0,0,0,,4.0,4.0,never,<10 (miss),,4.0,405,41.11222280517756,5.15614990579922,27.5049832048772,1.0,True,False,True,False,0,pooled_LOBO_32,N
FEMTO_1_6,FEMTO,4,408,6.658333333333333,4.658333333333333,11.658333333333333,5.6375,3.6375,10.6375,1.0208333333333335,0.0,0,1,1.1833333333333333,1,2.0833333333333335,0.0,0.18333333333333332,0,0,131.0,131.0,131.0,>60 (early page),>60 (early page),rul,-125.0,276,84.5,3.885714285714289,3.0,0.0,True,False,True,False,0,pooled_LOBO_32,N
FEMTO_1_7,FEMTO,4,376,9.05,9.05,9.05,9.0,9.0,9.0,0.05,0.9,1,0,0.0,0,0.0,0.05,0.0,0,1,3.0,4.0,19.0,<10 (miss),<10 (miss),rul,3.0,356,156.34926321549753,18.95636977304573,94.8893786428309,1.0,True,False,True,False,0,pooled_LOBO_32,N
FEMTO_2_1,FEMTO,5,151,0.004166666666666667,0.004166666666666667,0.004166666666666667,0.004166666666666667,0.004166666666666667,0.004166666666666667,0.0,0.0,0,0,0.0,0,0.0,0.0,0.016666666666666666,0,0,57.0,121.0,124.0,10-60 (useful),>60 (early page),rul,0.0,26,94.5,2.9381443298969074,6.5,0.0,False,True,False,False,0,pooled_LOBO_32,N
FEMTO_2_2,FEMTO,5,132,2.0,2.0,2.0,2.0,2.0,2.0,0.0,0.2,0,0,0.0,0,0.0,0.0,0.0,0,0,24.0,89.0,96.0,10-60 (useful),>60 (early page),rul,0.0,35,99.5,2.757009345794394,3.5,1.0,False,False,False,False,0,pooled_LOBO_32,N
FEMTO_2_3,FEMTO,5,325,9.129166666666666,7.129166666666666,14.129166666666666,7.475,5.475,12.475,1.6541666666666666,0.0,0,1,3.6333333333333333,1,4.616666666666666,0.0,2.6333333333333333,0,0,278.0,278.0,278.0,>60 (early page),>60 (early page),rul,-277.0,46,5.424226867653274,0.0,70.15061898649734,1.0,True,False,True,False,0,pooled_LOBO_32,N
FEMTO_2_4,FEMTO,5,125,10.033333333333333,10.033333333333333,10.033333333333333,10.0,10.0,10.0,0.03333333333333333,1.0,1,0,0.0,0,0.0,0.03333333333333333,0.0,0,0,,,,never,never,,,-1,,,,,True,False,True,False,0,pooled_LOBO_32,N
FEMTO_2_5,FEMTO,5,385,12.741666666666667,12.741666666666667,12.741666666666667,10.775,10.775,10.775,1.9666666666666666,1.0,1,0,0.0,1,5.866666666666666,0.0,3.1,0,0,,306.0,360.0,never,>60 (early page),,-352.0,24,96.18564322643046,6.274095612691016,56.22947327408616,1.0,True,False,True,False,0,pooled_LOBO_32,N
FEMTO_2_6,FEMTO,5,116,10.05,10.05,10.05,10.0,10.0,10.0,0.05,1.0,1,0,0.0,0,0.0,0.05,0.0,0,0,,,,never,never,,,-1,,,,,True,False,True,False,0,pooled_LOBO_32,N
FEMTO_2_7,FEMTO,5,38,10.016666666666667,10.016666666666667,10.016666666666667,10.0,10.0,10.0,0.016666666666666666,1.0,1,0,0.0,0,0.0,0.016666666666666666,0.0,0,0,,,,never,never,,,-1,,,,,False,False,True,True,0,pooled_LOBO_32,N
FEMTO_3_1,FEMTO,6,85,10.066666666666666,10.066666666666666,10.066666666666666,10.0,10.0,10.0,0.06666666666666667,1.0,1,0,0.0,0,0.0,0.06666666666666667,0.0,0,0,,,,never,never,,,-1,,,,,True,False,True,False,0,pooled_LOBO_32,N
FEMTO_3_2,FEMTO,6,272,10.0,10.0,10.0,10.0,10.0,10.0,0.0,1.0,1,0,0.0,0,0.0,0.0,0.0,0,0,,0.0,29.0,never,<10 (miss),,0.0,242,101.0,2.813084112149533,72.0,1.0,True,False,True,False,0,pooled_LOBO_32,N
FEMTO_3_3,FEMTO,6,72,5.383333333333333,5.383333333333333,5.383333333333333,5.333333333333333,5.333333333333333,5.333333333333333,0.05,0.5333333333333333,0,0,0.0,0,0.0,0.05,0.0,0,1,14.0,15.0,15.0,10-60 (useful),10-60 (useful),rul,3.0,56,19.164261522520967,1.2599842760950621,18.558642095998323,1.0,True,False,True,False,0,pooled_LOBO_32,N
1_1,XJTU,1,123,10.0,10.0,10.0,10.0,10.0,10.0,0.0,1.0,1,0,0.0,0,0.0,0.0,0.0,0,1,,40.0,48.0,never,10-60 (useful),,0.0,74,101.0,2.813084112149533,53.0,1.0,False,False,False,False,0,pooled_LOBO_32,D
1_2,XJTU,1,161,0.0,0.0,0.0,0.0,0.0,0.0,0.0,0.0,0,0,0.0,0,0.0,0.0,0.0,0,1,58.0,104.0,125.0,10-60 (useful),>60 (early page),rul,0.0,35,94.5,2.9381443298969074,22.62295081967213,0.0,False,False,False,False,0,pooled_LOBO_32,D
1_3,XJTU,1,158,7.333333333333333,7.333333333333333,7.333333333333333,7.333333333333333,7.333333333333333,7.333333333333333,0.0,0.7333333333333333,1,0,0.0,0,0.0,0.0,0.0,0,1,8.0,51.0,81.0,<10 (miss),10-60 (useful),rul,0.0,76,101.0,2.813084112149533,20.0,1.0,False,False,False,False,0,pooled_LOBO_32,D
1_4,XJTU,1,122,10.1,10.1,10.1,10.0,10.0,10.0,0.1,1.0,1,0,0.0,0,0.0,0.1,0.0,0,0,,,,never,never,,,-1,,,,,False,False,True,False,0,pooled_LOBO_32,D
1_5,XJTU,1,52,10.033333333333333,10.033333333333333,10.033333333333333,10.0,10.0,10.0,0.03333333333333333,1.0,1,0,0.0,0,0.0,0.03333333333333333,0.0,0,0,,12.0,13.0,never,10-60 (useful),,2.0,38,101.0,2.849056603773585,88.0,1.0,True,False,True,True,0,pooled_LOBO_32,D
2_1,XJTU,2,491,10.1,10.1,10.1,10.0,10.0,10.0,0.1,1.0,1,0,0.0,0,0.0,0.1,0.0,0,1,,32.0,32.0,never,10-60 (useful),,6.0,458,101.0,2.813084112149533,69.0,1.0,True,False,False,False,0,pooled_LOBO_32,D
2_2,XJTU,2,161,0.0,0.0,0.0,0.0,0.0,0.0,0.0,0.0,0,0,0.0,0,0.0,0.0,0.0,0,1,39.0,98.0,106.0,10-60 (useful),>60 (early page),rul,0.0,54,94.5,2.9381443298969074,10.319672131147541,0.0,False,False,False,False,0,pooled_LOBO_32,D
2_3,XJTU,2,533,6.745833333333334,4.745833333333334,11.745833333333334,6.5625,4.5625,11.5625,0.18333333333333332,0.0,0,1,2.25,0,0.0,0.18333333333333332,1.75,0,1,195.0,225.0,262.0,>60 (early page),>60 (early page),rul,11.0,270,94.5,2.9381443298969074,30.0,0.0,False,False,False,False,0,pooled_LOBO_32,D
2_4,XJTU,2,42,10.066666666666666,10.066666666666666,10.066666666666666,10.0,10.0,10.0,0.06666666666666667,1.0,1,0,0.0,0,0.0,0.06666666666666667,0.0,0,0,,7.0,7.0,never,<10 (miss),,4.0,34,101.0,3.2061855670103085,94.0,1.0,False,True,True,True,0,pooled_LOBO_32,D
2_5,XJTU,2,339,6.008333333333333,4.008333333333334,11.008333333333333,5.641666666666667,3.6416666666666666,10.641666666666666,0.36666666666666664,0.0,0,1,1.0166666666666666,0,0.0,0.36666666666666664,0.5333333333333333,0,1,121.0,152.0,188.0,>60 (early page),>60 (early page),rul,22.0,150,94.5,2.9381443298969074,30.0,0.0,True,False,False,False,0,pooled_LOBO_32,D
3_1,XJTU,3,2538,5.15,3.15,10.15,5.15,3.15,10.15,0.0,0.0,0,1,0.3,0,0.0,0.0,0.0,0,1,78.0,119.0,145.0,>60 (early page),>60 (early page),rul,0.0,2392,94.5,2.9381443298969074,29.18032786885246,0.0,False,False,False,False,0,pooled_LOBO_32,D
3_2,XJTU,3,2496,8.0,6.0,13.0,8.0,6.0,13.0,0.0,0.0,0,1,4.0,0,0.0,0.0,4.0,0,1,1193.0,1223.0,1260.0,>60 (early page),>60 (early page),rul,0.0,1235,94.5,2.9381443298969074,30.0,0.0,True,False,False,False,0,pooled_LOBO_32,D
3_3,XJTU,3,371,10.05,10.05,10.05,10.0,10.0,10.0,0.05,1.0,1,0,0.0,0,0.0,0.05,0.0,0,1,,23.0,25.0,never,10-60 (useful),,3.0,345,101.0,2.825000000000001,76.0,1.0,True,False,True,False,0,pooled_LOBO_32,D
3_4,XJTU,3,1515,3.4,3.4,3.4,3.333333333333333,3.333333333333333,3.333333333333333,0.06666666666666667,0.3333333333333333,0,0,0.0,0,0.0,0.06666666666666667,0.0,0,1,20.0,72.0,93.0,10-60 (useful),>60 (early page),rul,4.0,1421,101.0,2.813084112149533,8.0,1.0,True,False,False,False,0,pooled_LOBO_32,D
3_5,XJTU,3,114,4.504166666666666,4.504166666666666,4.504166666666666,4.0,4.0,4.0,0.5041666666666667,0.4,0,0,0.0,1,0.016666666666666666,0.0,0.0,0,1,18.0,87.0,91.0,10-60 (useful),>60 (early page),rul,-1.0,22,101.0,2.813084112149533,10.0,1.0,True,True,False,False,0,pooled_LOBO_32,D
FEMTO_1_1,FEMTO,4,467,6.3374999999999995,4.3375,11.3375,6.3374999999999995,4.3375,11.3375,0.0,0.0,0,1,1.95,0,0.0,0.0,1.45,0,1,177.0,207.0,244.0,>60 (early page),>60 (early page),rul,0.0,222,94.5,2.9381443298969074,30.0,0.0,True,False,False,False,0,pooled_LOBO_32,D
FEMTO_1_2,FEMTO,4,145,0.7041666666666666,0.7041666666666666,0.7041666666666666,0.0,0.0,0.0,0.7041666666666666,0.0,0,0,0.0,1,0.8166666666666667,0.0,0.0,0,0,51.0,81.0,118.0,10-60 (useful),>60 (early page),rul,-49.0,26,94.5,2.9381443298969074,3.5,0.0,True,False,True,False,0,pooled_LOBO_32,D
FEMTO_1_3,FEMTO,4,395,5.233333333333333,3.2333333333333334,10.233333333333333,5.233333333333333,3.2333333333333334,10.233333333333333,0.0,0.0,0,1,0.4666666666666667,0,0.0,0.0,0.0,0,1,88.0,118.0,155.0,>60 (early page),>60 (early page),rul,0.0,239,94.5,2.9381443298969074,30.0,0.0,True,False,False,False,0,pooled_LOBO_32,D
FEMTO_1_4,FEMTO,4,238,10.066666666666666,10.066666666666666,10.066666666666666,10.0,10.0,10.0,0.06666666666666667,1.0,1,0,0.0,0,0.0,0.06666666666666667,0.0,0,1,,52.0,52.0,never,10-60 (useful),,4.0,185,101.0,2.813084112149533,49.0,1.0,True,False,False,False,0,pooled_LOBO_32,D
FEMTO_1_5,FEMTO,4,410,10.066666666666666,10.066666666666666,10.066666666666666,10.0,10.0,10.0,0.06666666666666667,1.0,1,0,0.0,0,0.0,0.06666666666666667,0.0,0,0,,,4.0,never,never,,4.0,405,101.0,4.01639344262295,97.0,1.0,True,False,True,False,0,pooled_LOBO_32,D
FEMTO_1_6,FEMTO,4,408,6.054166666666666,4.054166666666666,11.054166666666667,5.033333333333333,3.033333333333333,10.033333333333333,1.0208333333333335,0.0,0,1,0.06666666666666667,1,2.0833333333333335,0.0,0.0,0,0,64.0,94.0,131.0,>60 (early page),>60 (early page),rul,-125.0,276,94.5,2.9381443298969074,3.0,0.0,True,False,True,False,0,pooled_LOBO_32,D
FEMTO_1_7,FEMTO,4,376,10.316666666666666,10.316666666666666,10.316666666666666,10.0,10.0,10.0,10.316666666666666,1.0,1,0,0.0,0,0.0,0.31666666666666665,0.0,1,1,,3.0,3.0,never,<10 (miss),,19.0,372,101.0,4.01639344262295,98.0,1.0,True,False,True,False,0,pooled_LOBO_32,D
FEMTO_2_1,FEMTO,5,151,0.004166666666666667,0.004166666666666667,0.004166666666666667,0.004166666666666667,0.004166666666666667,0.004166666666666667,0.0,0.0,0,0,0.0,0,0.0,0.0,0.016666666666666666,0,0,57.0,121.0,124.0,10-60 (useful),>60 (early page),rul,0.0,26,94.5,2.9381443298969074,6.5,0.0,False,True,False,False,0,pooled_LOBO_32,D
FEMTO_2_2,FEMTO,5,132,2.0,2.0,2.0,2.0,2.0,2.0,0.0,0.2,0,0,0.0,0,0.0,0.0,0.0,0,0,24.0,89.0,96.0,10-60 (useful),>60 (early page),rul,0.0,35,99.5,2.757009345794394,3.5,1.0,False,False,False,False,0,pooled_LOBO_32,D
FEMTO_2_3,FEMTO,5,325,8.566666666666666,6.566666666666666,13.566666666666666,6.9125,4.9125,11.9125,1.6541666666666666,0.0,0,1,2.5166666666666666,1,4.616666666666666,0.0,2.6166666666666667,0,0,211.0,277.0,278.0,>60 (early page),>60 (early page),rul,-277.0,46,94.5,2.9381443298969074,0.5,0.0,True,False,True,False,0,pooled_LOBO_32,D
FEMTO_2_4,FEMTO,5,125,10.033333333333333,10.033333333333333,10.033333333333333,10.0,10.0,10.0,0.03333333333333333,1.0,1,0,0.0,0,0.0,0.03333333333333333,0.0,0,0,,,,never,never,,,-1,,,,,True,False,True,False,0,pooled_LOBO_32,D
FEMTO_2_5,FEMTO,5,385,9.7875,7.7875000000000005,14.7875,7.8125,5.8125,12.8125,1.975,0.0,0,1,3.9166666666666665,1,5.9,0.0,3.4166666666666665,0,0,295.0,325.0,362.0,>60 (early page),>60 (early page),rul,-354.0,22,94.5,2.9381443298969074,0.5,0.0,True,False,True,False,0,pooled_LOBO_32,D
FEMTO_2_6,FEMTO,5,116,10.05,10.05,10.05,10.0,10.0,10.0,0.05,1.0,1,0,0.0,0,0.0,0.05,0.0,0,0,,,,never,never,,,-1,,,,,True,False,True,False,0,pooled_LOBO_32,D
FEMTO_2_7,FEMTO,5,38,10.016666666666667,10.016666666666667,10.016666666666667,10.0,10.0,10.0,0.016666666666666666,1.0,1,0,0.0,0,0.0,0.016666666666666666,0.0,0,0,,,,never,never,,,-1,,,,,False,False,True,True,0,pooled_LOBO_32,D
FEMTO_3_1,FEMTO,6,85,10.066666666666666,10.066666666666666,10.066666666666666,10.0,10.0,10.0,0.06666666666666667,1.0,1,0,0.0,0,0.0,0.06666666666666667,0.0,0,0,,,,never,never,,,-1,,,,,True,False,True,False,0,pooled_LOBO_32,D
FEMTO_3_2,FEMTO,6,272,10.0,10.0,10.0,10.0,10.0,10.0,0.0,1.0,1,0,0.0,0,0.0,0.0,0.0,0,0,,0.0,29.0,never,<10 (miss),,0.0,242,101.0,2.813084112149533,72.0,1.0,True,False,True,False,0,pooled_LOBO_32,D
FEMTO_3_3,FEMTO,6,72,10.033333333333333,10.033333333333333,10.033333333333333,10.0,10.0,10.0,0.03333333333333333,1.0,1,0,0.0,0,0.0,0.03333333333333333,0.0,0,1,,12.0,16.0,never,10-60 (useful),,2.0,55,101.0,2.849056603773585,85.0,1.0,True,False,True,False,0,pooled_LOBO_32,D
1_1,XJTU,1,123,10.0,10.0,10.0,10.0,10.0,10.0,0.0,1.0,1,0,0.0,0,0.0,0.0,0.0,0,1,,40.0,52.0,never,10-60 (useful),,0.0,70,93.0,1.9375000000000013,41.0,1.0,False,False,False,False,0,pooled_LOBO_32,D'
1_2,XJTU,1,161,5.008333333333334,3.0083333333333333,10.008333333333333,5.008333333333334,3.0083333333333333,10.008333333333333,0.0,0.0,0,1,0.016666666666666666,0,0.0,0.0,0.0,0,1,61.0,104.0,123.0,>60 (early page),>60 (early page),rul,0.0,37,90.0,1.9673913043478257,23.80327868852459,0.0,False,False,False,False,0,pooled_LOBO_32,D'
1_3,XJTU,1,158,4.333333333333334,4.333333333333334,4.333333333333334,4.333333333333334,4.333333333333334,4.333333333333334,0.0,0.43333333333333335,0,0,0.0,0,0.0,0.0,0.0,0,1,17.0,51.0,82.0,10-60 (useful),10-60 (useful),rul,0.0,75,93.0,1.9375000000000013,11.0,1.0,False,False,False,False,0,pooled_LOBO_32,D'
1_4,XJTU,1,122,10.0,10.0,10.0,10.0,10.0,10.0,0.0,1.0,1,0,0.0,0,0.0,0.0,0.0,0,0,,,30.0,never,never,,0.0,91,93.0,1.9375000000000013,63.0,1.0,False,False,True,False,0,pooled_LOBO_32,D'
1_5,XJTU,1,52,10.066666666666666,10.066666666666666,10.066666666666666,10.0,10.0,10.0,0.06666666666666667,1.0,1,0,0.0,0,0.0,0.06666666666666667,0.0,0,0,,11.0,11.0,never,10-60 (useful),,4.0,40,93.0,1.9375000000000013,82.0,1.0,True,False,True,True,0,pooled_LOBO_32,D'
2_1,XJTU,2,491,10.1,10.1,10.1,10.0,10.0,10.0,0.1,1.0,1,0,0.0,0,0.0,0.1,0.0,0,1,,32.0,32.0,never,10-60 (useful),,6.0,458,93.0,1.9375000000000013,61.0,1.0,True,False,False,False,0,pooled_LOBO_32,D'
2_2,XJTU,2,161,0.0,0.0,0.0,0.0,0.0,0.0,0.0,0.0,0,0,0.0,0,0.0,0.0,0.0,0,1,46.0,98.0,108.0,10-60 (useful),>60 (early page),rul,0.0,52,90.0,1.9673913043478257,15.19672131147541,0.0,False,False,False,False,0,pooled_LOBO_32,D'
2_3,XJTU,2,533,7.879166666666666,5.879166666666666,12.879166666666666,7.879166666666666,5.879166666666666,12.879166666666666,0.0,0.0,0,1,4.0,0,0.0,0.0,3.5166666666666666,0,1,301.0,331.0,363.0,>60 (early page),>60 (early page),rul,0.0,169,90.0,1.9673913043478257,30.0,0.0,False,False,False,False,0,pooled_LOBO_32,D'
2_4,XJTU,2,42,10.1,10.1,10.1,10.0,10.0,10.0,0.1,1.0,1,0,0.0,0,0.0,0.1,0.0,0,0,,5.0,5.0,never,<10 (miss),,6.0,36,93.0,1.9375000000000013,88.0,1.0,False,True,True,True,0,pooled_LOBO_32,D'
2_5,XJTU,2,339,6.054166666666666,4.054166666666666,11.054166666666665,5.7375,3.7375000000000003,10.737499999999999,0.31666666666666665,0.0,0,1,1.15,0,0.0,0.31666666666666665,0.65,0,1,129.0,159.0,191.0,>60 (early page),>60 (early page),rul,19.0,147,90.0,1.9673913043478257,30.0,0.0,True,False,False,False,0,pooled_LOBO_32,D'
3_1,XJTU,3,2538,5.2875000000000005,3.2875,10.2875,5.2875000000000005,3.2875,10.2875,0.0,0.0,0,1,0.55,0,0.0,0.0,0.05,0,1,93.0,123.0,155.0,>60 (early page),>60 (early page),rul,0.0,2382,90.0,1.9673913043478257,30.0,0.0,False,False,False,False,0,pooled_LOBO_32,D'
3_2,XJTU,3,2496,10.5,8.5,15.5,8.0,6.0,13.0,2.5,0.0,0,1,4.0,1,8.0,0.0,4.0,0,1,2260.0,2290.0,2322.0,>60 (early page),>60 (early page),rul,-849.0,173,90.0,1.9673913043478257,30.0,0.0,True,False,False,False,0,pooled_LOBO_32,D'
3_3,XJTU,3,371,10.083333333333334,10.083333333333334,10.083333333333334,10.0,10.0,10.0,0.08333333333333333,1.0,1,0,0.0,0,0.0,0.08333333333333333,0.0,0,1,,23.0,23.0,never,10-60 (useful),,5.0,347,93.0,1.9375000000000013,70.0,1.0,True,False,True,False,0,pooled_LOBO_32,D'
3_4,XJTU,3,1515,1.1,1.1,1.1,1.0,1.0,1.0,0.1,0.1,0,0,0.0,0,0.0,0.1,0.0,0,1,27.0,72.0,91.0,10-60 (useful),>60 (early page),rul,6.0,1423,92.0,1.9062500000000022,1.0,1.0,True,False,False,False,0,pooled_LOBO_32,D'
3_5,XJTU,3,114,2.0,2.0,2.0,2.0,2.0,2.0,0.0,0.2,0,0,0.0,0,0.0,0.0,0.0,0,1,24.0,87.0,89.0,10-60 (useful),>60 (early page),rul,0.0,24,93.0,1.9375000000000013,4.0,1.0,True,True,False,False,0,pooled_LOBO_32,D'
FEMTO_1_1,FEMTO,4,467,5.9624999999999995,3.9625,10.9625,5.9624999999999995,3.9625,10.9625,0.0,0.0,0,1,1.45,0,0.0,0.0,0.95,0,1,147.0,177.0,209.0,>60 (early page),>60 (early page),rul,0.0,257,90.0,1.9673913043478257,30.0,0.0,True,False,False,False,0,pooled_LOBO_32,D'
FEMTO_1_2,FEMTO,4,145,0.7041666666666666,0.7041666666666666,0.7041666666666666,0.0,0.0,0.0,0.7041666666666666,0.0,0,0,0.0,1,0.8166666666666667,0.0,0.0,0,0,56.0,86.0,118.0,10-60 (useful),>60 (early page),rul,-49.0,26,90.0,1.9673913043478257,3.5,0.0,True,False,True,False,0,pooled_LOBO_32,D'
FEMTO_1_3,FEMTO,4,395,5.4375,3.4375,10.4375,5.4375,3.4375,10.4375,0.0,0.0,0,1,0.75,0,0.0,0.0,0.25,0,1,105.0,135.0,167.0,>60 (early page),>60 (early page),rul,0.0,227,90.0,1.9673913043478257,30.0,0.0,True,False,False,False,0,pooled_LOBO_32,D'
FEMTO_1_4,FEMTO,4,238,10.1,10.1,10.1,10.0,10.0,10.0,0.1,1.0,1,0,0.0,0,0.0,0.1,0.0,0,1,,50.0,50.0,never,10-60 (useful),,6.0,187,93.0,1.9375000000000013,43.0,1.0,True,False,False,False,0,pooled_LOBO_32,D'
FEMTO_1_5,FEMTO,4,410,10.1,10.1,10.1,10.0,10.0,10.0,0.1,1.0,1,0,0.0,0,0.0,0.1,0.0,0,0,,,2.0,never,never,,6.0,407,93.0,3.2727272727272716,91.0,1.0,True,False,True,False,0,pooled_LOBO_32,D'
FEMTO_1_6,FEMTO,4,408,10.116666666666667,10.116666666666667,10.116666666666667,10.0,10.0,10.0,0.11666666666666667,1.0,1,0,0.0,0,0.0,0.11666666666666667,0.0,0,0,,,,never,never,,,-1,,,,,True,False,True,False,0,pooled_LOBO_32,D'
FEMTO_1_7,FEMTO,4,376,10.333333333333334,10.333333333333334,10.333333333333334,10.0,10.0,10.0,10.333333333333334,1.0,1,0,0.0,0,0.0,0.3333333333333333,0.0,1,1,,2.0,2.0,never,<10 (miss),,20.0,373,93.0,3.2727272727272716,91.0,1.0,True,False,True,False,0,pooled_LOBO_32,D'
FEMTO_2_1,FEMTO,5,151,0.004166666666666667,0.004166666666666667,0.004166666666666667,0.004166666666666667,0.004166666666666667,0.004166666666666667,0.0,0.0,0,0,0.0,0,0.0,0.0,0.016666666666666666,0,0,60.0,121.0,122.0,10-60 (useful),>60 (early page),rul,0.0,28,90.0,1.9673913043478257,6.5,0.0,False,True,False,False,0,pooled_LOBO_32,D'
FEMTO_2_2,FEMTO,5,132,0.0,0.0,0.0,0.0,0.0,0.0,0.0,0.0,0,0,0.0,0,0.0,0.0,0.0,0,0,33.0,89.0,95.0,10-60 (useful),>60 (early page),rul,0.0,36,90.0,1.9673913043478257,3.3333333333333335,0.0,False,False,False,False,0,pooled_LOBO_32,D'
FEMTO_2_3,FEMTO,5,325,8.579166666666666,6.579166666666667,13.579166666666667,6.933333333333334,4.933333333333334,11.933333333333334,1.6458333333333333,0.0,0,1,2.566666666666667,1,4.583333333333333,0.0,2.6,0,0,214.0,276.0,276.0,>60 (early page),>60 (early page),rul,-275.0,48,90.0,1.9673913043478257,0.5,0.0,True,False,True,False,0,pooled_LOBO_32,D'
FEMTO_2_4,FEMTO,5,125,10.033333333333333,10.033333333333333,10.033333333333333,10.0,10.0,10.0,0.03333333333333333,1.0,1,0,0.0,0,0.0,0.03333333333333333,0.0,0,0,,,,never,never,,,-1,,,,,True,False,True,False,0,pooled_LOBO_32,D'
FEMTO_2_5,FEMTO,5,385,9.816666666666666,7.816666666666666,14.816666666666668,7.85,5.85,12.850000000000001,1.9666666666666666,0.0,0,1,3.966666666666667,1,5.866666666666666,0.0,3.466666666666667,0,0,298.0,328.0,360.0,>60 (early page),>60 (early page),rul,-352.0,24,90.0,1.9673913043478257,0.5,0.0,True,False,True,False,0,pooled_LOBO_32,D'
FEMTO_2_6,FEMTO,5,116,10.05,10.05,10.05,10.0,10.0,10.0,0.05,1.0,1,0,0.0,0,0.0,0.05,0.0,0,0,,,,never,never,,,-1,,,,,True,False,True,False,0,pooled_LOBO_32,D'
FEMTO_2_7,FEMTO,5,38,10.016666666666667,10.016666666666667,10.016666666666667,10.0,10.0,10.0,0.016666666666666666,1.0,1,0,0.0,0,0.0,0.016666666666666666,0.0,0,0,,,,never,never,,,-1,,,,,False,False,True,True,0,pooled_LOBO_32,D'
FEMTO_3_1,FEMTO,6,85,10.066666666666666,10.066666666666666,10.066666666666666,10.0,10.0,10.0,0.06666666666666667,1.0,1,0,0.0,0,0.0,0.06666666666666667,0.0,0,0,,,,never,never,,,-1,,,,,True,False,True,False,0,pooled_LOBO_32,D'
FEMTO_3_2,FEMTO,6,272,10.0,10.0,10.0,10.0,10.0,10.0,0.0,1.0,1,0,0.0,0,0.0,0.0,0.0,0,0,,0.0,27.0,never,<10 (miss),,0.0,244,93.0,1.9375000000000013,66.0,1.0,True,False,True,False,0,pooled_LOBO_32,D'
FEMTO_3_3,FEMTO,6,72,10.066666666666666,10.066666666666666,10.066666666666666,10.0,10.0,10.0,0.06666666666666667,1.0,1,0,0.0,0,0.0,0.06666666666666667,0.0,0,1,,12.0,14.0,never,10-60 (useful),,4.0,57,93.0,1.9375000000000013,79.0,1.0,True,False,True,False,0,pooled_LOBO_32,D'
1_1,XJTU,1,123,10.691666666666666,10.691666666666666,10.691666666666666,10.0,10.0,10.0,0.6916666666666667,1.0,1,0,0.0,1,0.36666666666666664,0.1,0.0,0,1,0.0,41.0,41.0,<10 (miss),10-60 (useful),rul,6.0,2,78.17057142857145,19.67066666666672,32.223701388888884,1.0,False,False,False,False,6,pooled_LOBO_32,R0
1_2,XJTU,1,161,5.720833333333333,3.720833333333333,10.720833333333333,5.1,3.1,10.1,0.6208333333333333,0.0,0,1,0.2,1,0.48333333333333334,0.0,0.0,0,1,74.0,108.0,158.0,>60 (early page),>60 (early page),rul,-29.0,2,67.07285714285715,8.572952380952415,12.897260733801717,0.8387096774193549,False,False,False,False,11,pooled_LOBO_32,R0
1_3,XJTU,1,158,7.879166666666666,7.879166666666666,7.879166666666666,7.333333333333333,7.333333333333333,7.333333333333333,0.5458333333333333,0.7333333333333333,1,0,0.0,1,0.18333333333333332,0.0,0.0,0,1,8.0,21.0,96.0,<10 (miss),10-60 (useful),rul,-11.0,61,82.4877142857143,23.987809523809574,31.916005464480875,1.0,False,False,False,False,3,pooled_LOBO_32,R0
1_4,XJTU,1,122,10.1,10.1,10.1,10.0,10.0,10.0,0.1,1.0,1,0,0.0,0,0.0,0.1,0.0,0,0,,,,never,never,,,83,78.72880952380952,20.228904761904786,72.61744444444447,1.0,False,False,True,False,0,pooled_LOBO_32,R0
1_5,XJTU,1,52,8.033333333333333,8.033333333333333,8.033333333333333,8.0,8.0,8.0,0.03333333333333333,0.8,1,0,0.0,0,0.0,0.03333333333333333,0.0,0,0,6.0,11.0,13.0,<10 (miss),10-60 (useful),rul,2.0,38,77.42866666666667,18.92876190476194,35.40210714285715,1.0,True,False,True,True,1,pooled_LOBO_32,R0
2_1,XJTU,2,491,8.416666666666668,8.416666666666668,8.416666666666668,8.333333333333334,8.333333333333334,8.333333333333334,0.08333333333333333,0.8333333333333334,1,0,0.0,0,0.0,0.08333333333333333,0.0,0,1,5.0,18.0,33.0,<10 (miss),10-60 (useful),rul,5.0,457,66.3692380952381,7.869333333333373,29.775125763125754,1.0,True,False,False,False,0,pooled_LOBO_32,R0
2_2,XJTU,2,161,10.05,10.05,10.05,10.0,10.0,10.0,0.05,1.0,1,0,0.0,0,0.0,0.05,0.0,0,1,0.0,101.0,103.0,<10 (miss),>60 (early page),rul,3.0,57,69.05704761904764,10.557142857142907,30.91100078064013,1.0,False,False,False,False,8,pooled_LOBO_32,R0
2_3,XJTU,2,533,6.833333333333334,4.833333333333333,11.833333333333334,6.833333333333334,4.833333333333333,11.833333333333334,0.0,0.0,0,1,1.8,0,0.0,0.0,3.7333333333333334,0,1,175.0,402.0,402.0,>60 (early page),>60 (early page),rul,0.0,130,49.62319047619046,0.0,16.522445745511316,0.2903225806451613,False,False,False,False,14,pooled_LOBO_32,R0
2_4,XJTU,2,42,8.716666666666669,8.716666666666669,8.716666666666669,8.666666666666668,8.666666666666668,8.666666666666668,0.05,0.8666666666666667,1,0,0.0,0,0.0,0.05,0.0,0,0,4.0,8.0,8.0,<10 (miss),<10 (miss),rul,3.0,33,44.97319047619047,0.0,30.920079365079356,1.0,False,True,True,True,0,pooled_LOBO_32,R0
2_5,XJTU,2,339,6.1208333333333345,4.120833333333334,11.120833333333334,5.470833333333334,3.470833333333333,10.470833333333333,0.65,0.0,0,1,0.5166666666666667,0,0.0,0.65,0.85,0,1,140.0,171.0,171.0,>60 (early page),>60 (early page),rul,39.0,167,59.400666666666645,0.9007619047619144,18.88002029664325,0.41935483870967744,True,False,False,False,3,pooled_LOBO_32,R0
3_1,XJTU,3,2538,5.333333333333333,5.333333333333333,5.333333333333333,5.333333333333333,5.333333333333333,5.333333333333333,0.0,0.5333333333333333,0,0,0.0,0,0.0,0.0,0.0,0,1,14.0,77.0,140.0,10-60 (useful),>60 (early page),rul,0.0,2397,76.35414285714279,17.85423809523806,10.92635831381733,1.0,False,False,False,False,2,pooled_LOBO_32,R0
3_2,XJTU,3,2496,10.799999999999999,10.799999999999999,10.799999999999999,6.8,6.8,6.8,4.0,0.6666666666666666,0,0,0.0,0,0.0,4.0,0.5333333333333333,0,1,10.0,273.0,273.0,10-60 (useful),>60 (early page),rul,758.0,2222,33.790190476190475,0.0,16.684691647150668,1.0,True,False,False,False,7,pooled_LOBO_32,R0
3_3,XJTU,3,371,3.383333333333333,3.383333333333333,3.383333333333333,3.333333333333333,3.333333333333333,3.333333333333333,0.05,0.3333333333333333,0,0,0.0,0,0.0,0.05,0.0,0,1,20.0,25.0,25.0,10-60 (useful),10-60 (useful),rul,3.0,345,34.77680952380954,0.0,11.061691297208542,0.9032258064516129,True,False,True,False,0,pooled_LOBO_32,R0
3_4,XJTU,3,1515,0.13333333333333333,0.13333333333333333,0.13333333333333333,0.0,0.0,0.0,0.13333333333333333,0.0,0,0,0.0,0,0.0,0.13333333333333333,0.0,0,1,59.0,89.0,89.0,10-60 (useful),>60 (early page),rul,8.0,1425,44.88814285714287,0.0,14.389527712724433,0.7419354838709677,True,False,False,False,0,pooled_LOBO_32,R0
3_5,XJTU,3,114,3.9083333333333328,3.9083333333333328,3.9083333333333328,3.333333333333333,3.333333333333333,3.333333333333333,0.5750000000000001,0.3333333333333333,0,0,0.0,1,0.1,0.05,0.0,0,1,20.0,103.0,81.0,10-60 (useful),>60 (early page),rul,3.0,10,56.40019047619048,0.0,10.473834504293519,1.0,True,True,False,False,1,pooled_LOBO_32,R0
FEMTO_1_1,FEMTO,4,467,10.366666666666667,10.366666666666667,10.366666666666667,9.333333333333334,9.333333333333334,9.333333333333334,11.033333333333333,0.9333333333333333,1,0,0.0,0,0.0,1.0333333333333334,0.0,1,1,2.0,2.0,2.0,<10 (miss),<10 (miss),rul,62.0,464,20.762238095238093,0.0,21.000457455113196,1.0,True,False,False,False,0,pooled_LOBO_32,R0
FEMTO_1_2,FEMTO,4,145,6.7666666666666675,4.7666666666666675,11.766666666666666,5.066666666666667,3.0666666666666664,10.066666666666666,1.7,0.0,0,1,0.05,3,0.8,0.0,0.16666666666666666,0,0,130.0,130.0,26.0,>60 (early page),>60 (early page),rul,0.0,14,29.31399999999999,0.0,48.48595833333332,1.0,True,False,True,False,3,pooled_LOBO_32,R0
FEMTO_1_3,FEMTO,4,395,9.7,9.7,9.7,8.0,8.0,8.0,11.7,0.8,1,0,0.0,0,0.0,1.7,0.0,1,1,6.0,6.0,6.0,<10 (miss),<10 (miss),rul,102.0,388,12.31295238095238,0.0,10.869953942232632,1.0,True,False,False,False,0,pooled_LOBO_32,R0
FEMTO_1_4,FEMTO,4,238,0.05,0.05,0.05,0.0,0.0,0.0,0.05,0.0,0,0,0.0,0,0.0,0.05,0.0,0,1,53.0,53.0,53.0,10-60 (useful),10-60 (useful),rul,3.0,184,6.42728571428572,0.0,23.155005012531326,0.16129032258064516,True,False,False,False,0,pooled_LOBO_32,R0
FEMTO_1_5,FEMTO,4,410,10.133333333333333,10.133333333333333,10.133333333333333,10.0,10.0,10.0,0.13333333333333333,1.0,1,0,0.0,0,0.0,0.13333333333333333,0.0,0,0,0.0,0.0,0.0,<10 (miss),<10 (miss),rul,8.0,409,12.582619047619044,0.0,21.10487301587302,1.0,True,False,True,False,0,pooled_LOBO_32,R0
FEMTO_1_6,FEMTO,4,408,7.708333333333334,5.708333333333334,12.708333333333332,5.033333333333334,3.033333333333333,10.033333333333333,2.6750000000000003,0.0,0,1,0.05,5,0.43333333333333335,0.06666666666666667,0.03333333333333333,0,0,132.0,132.0,2.0,>60 (early page),>60 (early page),rul,4.0,275,29.52504761904762,0.0,11.565081632653053,0.9032258064516129,True,False,True,False,7,pooled_LOBO_32,R0
FEMTO_1_7,FEMTO,4,376,8.966666666666669,8.966666666666669,8.966666666666669,8.666666666666668,8.666666666666668,8.666666666666668,10.3,0.8666666666666667,1,0,0.0,0,0.0,0.3,0.0,1,1,4.0,4.0,4.0,<10 (miss),<10 (miss),rul,18.0,371,16.8387619047619,0.0,33.93502691511387,1.0,True,False,True,False,0,pooled_LOBO_32,R0
FEMTO_2_1,FEMTO,5,151,9.0,9.0,9.0,9.0,9.0,9.0,0.0,0.9,1,0,0.0,0,0.0,0.0,0.0,0,0,3.0,94.0,116.0,<10 (miss),>60 (early page),rul,0.0,34,67.52499999999998,9.025095238095247,29.92843537414967,1.0,False,True,False,False,2,pooled_LOBO_32,R0
FEMTO_2_2,FEMTO,5,132,10.283333333333333,10.283333333333333,10.283333333333333,9.666666666666666,9.666666666666666,9.666666666666666,0.6166666666666667,0.9666666666666667,1,0,0.0,1,0.4666666666666667,0.0,0.0,0,0,1.0,64.0,91.0,<10 (miss),>60 (early page),rul,0.0,2,86.50023809523807,28.000333333333344,33.900560846560836,1.0,False,False,False,False,2,pooled_LOBO_32,R0
FEMTO_2_3,FEMTO,5,325,9.875000000000002,7.874999999999999,14.875000000000002,5.6625,3.6624999999999996,10.662500000000001,4.2125,0.0,0,1,0.35,7,2.716666666666667,0.03333333333333333,1.95,0,0,278.0,278.0,,>60 (early page),>60 (early page),rul,,46,26.82633333333332,0.0,17.544571428571427,0.9354838709677419,True,False,True,False,13,pooled_LOBO_32,R0
FEMTO_2_4,FEMTO,5,125,10.033333333333333,10.033333333333333,10.033333333333333,10.0,10.0,10.0,0.03333333333333333,1.0,1,0,0.0,0,0.0,0.03333333333333333,0.0,0,0,,,,never,never,,,-1,,,35.78223809523805,1.0,True,False,True,False,0,pooled_LOBO_32,R0
FEMTO_2_5,FEMTO,5,385,10.454166666666667,10.454166666666667,10.454166666666667,8.262500000000001,8.262500000000001,8.262500000000001,2.1916666666666664,0.7666666666666667,1,0,0.0,2,4.633333333333334,0.03333333333333333,2.3833333333333333,0,0,7.0,281.0,,<10 (miss),>60 (early page),rul,,93,66.36457142857145,7.8646666666667215,40.61052380952381,1.0,True,False,True,False,7,pooled_LOBO_32,R0
FEMTO_2_6,FEMTO,5,116,11.179166666666667,11.179166666666667,11.179166666666667,9.333333333333334,9.333333333333334,9.333333333333334,1.8458333333333332,0.9333333333333333,1,0,0.0,3,1.3833333333333333,0.0,0.0,0,0,2.0,81.0,29.0,<10 (miss),>60 (early page),rul,-27.0,18,86.28404761904758,27.784142857142854,16.79673015873016,1.0,True,False,True,False,3,pooled_LOBO_32,R0
FEMTO_2_7,FEMTO,5,38,11.0875,11.0875,11.0875,10.0,10.0,10.0,1.0875,1.0,1,0,0.0,2,0.2833333333333333,0.016666666666666666,0.0,0,0,,18.0,,never,10-60 (useful),,,5,87.91157142857139,29.41166666666666,24.46509523809524,1.0,False,False,True,True,1,pooled_LOBO_32,R0
FEMTO_3_1,FEMTO,6,85,9.7,9.7,9.7,9.666666666666666,9.666666666666666,9.666666666666666,0.03333333333333333,0.9666666666666667,1,0,0.0,0,0.0,0.03333333333333333,0.0,0,0,1.0,1.0,1.0,<10 (miss),<10 (miss),rul,2.0,83,15.661428571428566,0.0,15.175535714285711,1.0,True,False,True,False,0,pooled_LOBO_32,R0
FEMTO_3_2,FEMTO,6,272,8.604166666666666,6.604166666666666,13.604166666666668,6.529166666666667,4.529166666666667,11.529166666666667,2.075,0.0,0,1,2.0,2,3.8333333333333335,0.11666666666666667,2.1166666666666667,0,0,197.0,252.0,1.0,>60 (early page),>60 (early page),rul,7.0,2,84.23314285714288,25.73323809523815,24.095476190476194,1.0,True,False,True,False,14,pooled_LOBO_32,R0
FEMTO_3_3,FEMTO,6,72,11.033333333333335,11.033333333333335,11.033333333333335,10.0,10.0,10.0,1.0333333333333332,1.0,1,0,0.0,2,0.06666666666666667,0.016666666666666666,0.0,0,1,0.0,23.0,17.0,<10 (miss),10-60 (useful),rul,1.0,4,63.24861904761904,4.748714285714307,50.11310526315789,1.0,True,False,True,False,1,pooled_LOBO_32,R0
1_1,XJTU,1,123,10.8,10.8,10.8,10.0,10.0,10.0,10.8,1.0,1,0,0.0,0,0.0,0.8,0.0,1,1,,,,never,never,,,-1,,,,,False,False,False,False,0,pooled_LOBO_32,never
1_2,XJTU,1,161,11.85,11.85,11.85,10.0,10.0,10.0,11.85,1.0,1,0,0.0,0,0.0,1.85,0.0,1,1,,,,never,never,,,-1,,,,,False,False,False,False,0,pooled_LOBO_32,never
1_3,XJTU,1,158,11.116666666666667,11.116666666666667,11.116666666666667,10.0,10.0,10.0,11.116666666666667,1.0,1,0,0.0,0,0.0,1.1166666666666667,0.0,1,1,,,,never,never,,,-1,,,,,False,False,False,False,0,pooled_LOBO_32,never
1_4,XJTU,1,122,10.1,10.1,10.1,10.0,10.0,10.0,0.1,1.0,1,0,0.0,0,0.0,0.1,0.0,0,0,,,,never,never,,,-1,,,,,False,False,True,False,0,pooled_LOBO_32,never
1_5,XJTU,1,52,10.266666666666667,10.266666666666667,10.266666666666667,10.0,10.0,10.0,0.26666666666666666,1.0,1,0,0.0,0,0.0,0.26666666666666666,0.0,0,0,,,,never,never,,,-1,,,,,True,False,True,True,0,pooled_LOBO_32,never
2_1,XJTU,2,491,10.65,10.65,10.65,10.0,10.0,10.0,10.65,1.0,1,0,0.0,0,0.0,0.65,0.0,1,1,,,,never,never,,,-1,,,,,True,False,False,False,0,pooled_LOBO_32,never
2_2,XJTU,2,161,11.783333333333333,11.783333333333333,11.783333333333333,10.0,10.0,10.0,11.783333333333333,1.0,1,0,0.0,0,0.0,1.7833333333333334,0.0,1,1,,,,never,never,,,-1,,,,,False,False,False,False,0,pooled_LOBO_32,never
2_3,XJTU,2,533,14.0,14.0,14.0,10.0,10.0,10.0,14.0,1.0,1,0,0.0,0,0.0,4.0,0.0,1,1,,,,never,never,,,-1,,,,,False,False,False,False,0,pooled_LOBO_32,never
2_4,XJTU,2,42,10.2,10.2,10.2,10.0,10.0,10.0,0.2,1.0,1,0,0.0,0,0.0,0.2,0.0,0,0,,,,never,never,,,-1,,,,,False,True,True,True,0,pooled_LOBO_32,never
2_5,XJTU,2,339,13.516666666666666,13.516666666666666,13.516666666666666,10.0,10.0,10.0,13.516666666666666,1.0,1,0,0.0,0,0.0,3.5166666666666666,0.0,1,1,,,,never,never,,,-1,,,,,True,False,False,False,0,pooled_LOBO_32,never
3_1,XJTU,3,2538,12.15,12.15,12.15,10.0,10.0,10.0,12.15,1.0,1,0,0.0,0,0.0,2.15,0.0,1,1,,,,never,never,,,-1,,,,,False,False,False,False,0,pooled_LOBO_32,never
3_2,XJTU,3,2496,14.0,14.0,14.0,10.0,10.0,10.0,14.0,1.0,1,0,0.0,0,0.0,4.0,0.0,1,1,,,,never,never,,,-1,,,,,True,False,False,False,0,pooled_LOBO_32,never
3_3,XJTU,3,371,10.483333333333333,10.483333333333333,10.483333333333333,10.0,10.0,10.0,10.483333333333333,1.0,1,0,0.0,0,0.0,0.48333333333333334,0.0,1,1,,,,never,never,,,-1,,,,,True,False,True,False,0,pooled_LOBO_32,never
3_4,XJTU,3,1515,11.633333333333333,11.633333333333333,11.633333333333333,10.0,10.0,10.0,11.633333333333333,1.0,1,0,0.0,0,0.0,1.6333333333333333,0.0,1,1,,,,never,never,,,-1,,,,,True,False,False,False,0,pooled_LOBO_32,never
3_5,XJTU,3,114,11.416666666666666,11.416666666666666,11.416666666666666,10.0,10.0,10.0,11.416666666666666,1.0,1,0,0.0,0,0.0,1.4166666666666667,0.0,1,1,,,,never,never,,,-1,,,,,True,True,False,False,0,pooled_LOBO_32,never
FEMTO_1_1,FEMTO,4,467,11.083333333333334,11.083333333333334,11.083333333333334,10.0,10.0,10.0,11.083333333333334,1.0,1,0,0.0,0,0.0,1.0833333333333333,0.0,1,1,,,,never,never,,,-1,,,,,True,False,False,False,0,pooled_LOBO_32,never
FEMTO_1_2,FEMTO,4,145,10.133333333333333,10.133333333333333,10.133333333333333,10.0,10.0,10.0,0.13333333333333333,1.0,1,0,0.0,0,0.0,0.13333333333333333,0.0,0,0,,,,never,never,,,-1,,,,,True,False,True,False,0,pooled_LOBO_32,never
FEMTO_1_3,FEMTO,4,395,11.816666666666666,11.816666666666666,11.816666666666666,10.0,10.0,10.0,11.816666666666666,1.0,1,0,0.0,0,0.0,1.8166666666666667,0.0,1,1,,,,never,never,,,-1,,,,,True,False,False,False,0,pooled_LOBO_32,never
FEMTO_1_4,FEMTO,4,238,10.95,10.95,10.95,10.0,10.0,10.0,10.95,1.0,1,0,0.0,0,0.0,0.95,0.0,1,1,,,,never,never,,,-1,,,,,True,False,False,False,0,pooled_LOBO_32,never
FEMTO_1_5,FEMTO,4,410,10.15,10.15,10.15,10.0,10.0,10.0,0.15,1.0,1,0,0.0,0,0.0,0.15,0.0,0,0,,,,never,never,,,-1,,,,,True,False,True,False,0,pooled_LOBO_32,never
FEMTO_1_6,FEMTO,4,408,10.116666666666667,10.116666666666667,10.116666666666667,10.0,10.0,10.0,0.11666666666666667,1.0,1,0,0.0,0,0.0,0.11666666666666667,0.0,0,0,,,,never,never,,,-1,,,,,True,False,True,False,0,pooled_LOBO_32,never
FEMTO_1_7,FEMTO,4,376,10.383333333333333,10.383333333333333,10.383333333333333,10.0,10.0,10.0,10.383333333333333,1.0,1,0,0.0,0,0.0,0.38333333333333336,0.0,1,1,,,,never,never,,,-1,,,,,True,False,True,False,0,pooled_LOBO_32,never
FEMTO_2_1,FEMTO,5,151,10.233333333333333,10.233333333333333,10.233333333333333,10.0,10.0,10.0,0.23333333333333334,1.0,1,0,0.0,0,0.0,0.23333333333333334,0.0,0,0,,,,never,never,,,-1,,,,,False,True,False,False,0,pooled_LOBO_32,never
FEMTO_2_2,FEMTO,5,132,10.15,10.15,10.15,10.0,10.0,10.0,0.15,1.0,1,0,0.0,0,0.0,0.15,0.0,0,0,,,,never,never,,,-1,,,,,False,False,False,False,0,pooled_LOBO_32,never
FEMTO_2_3,FEMTO,5,325,10.033333333333333,10.033333333333333,10.033333333333333,10.0,10.0,10.0,0.03333333333333333,1.0,1,0,0.0,0,0.0,0.03333333333333333,0.0,0,0,,,,never,never,,,-1,,,,,True,False,True,False,0,pooled_LOBO_32,never
FEMTO_2_4,FEMTO,5,125,10.033333333333333,10.033333333333333,10.033333333333333,10.0,10.0,10.0,0.03333333333333333,1.0,1,0,0.0,0,0.0,0.03333333333333333,0.0,0,0,,,,never,never,,,-1,,,,,True,False,True,False,0,pooled_LOBO_32,never
FEMTO_2_5,FEMTO,5,385,10.033333333333333,10.033333333333333,10.033333333333333,10.0,10.0,10.0,0.03333333333333333,1.0,1,0,0.0,0,0.0,0.03333333333333333,0.0,0,0,,,,never,never,,,-1,,,,,True,False,True,False,0,pooled_LOBO_32,never
FEMTO_2_6,FEMTO,5,116,10.05,10.05,10.05,10.0,10.0,10.0,0.05,1.0,1,0,0.0,0,0.0,0.05,0.0,0,0,,,,never,never,,,-1,,,,,True,False,True,False,0,pooled_LOBO_32,never
FEMTO_2_7,FEMTO,5,38,10.016666666666667,10.016666666666667,10.016666666666667,10.0,10.0,10.0,0.016666666666666666,1.0,1,0,0.0,0,0.0,0.016666666666666666,0.0,0,0,,,,never,never,,,-1,,,,,False,False,True,True,0,pooled_LOBO_32,never
FEMTO_3_1,FEMTO,6,85,10.066666666666666,10.066666666666666,10.066666666666666,10.0,10.0,10.0,0.06666666666666667,1.0,1,0,0.0,0,0.0,0.06666666666666667,0.0,0,0,,,,never,never,,,-1,,,,,True,False,True,False,0,pooled_LOBO_32,never
FEMTO_3_2,FEMTO,6,272,10.15,10.15,10.15,10.0,10.0,10.0,0.15,1.0,1,0,0.0,0,0.0,0.15,0.0,0,0,,,,never,never,,,-1,,,,,True,False,True,False,0,pooled_LOBO_32,never
FEMTO_3_3,FEMTO,6,72,10.316666666666666,10.316666666666666,10.316666666666666,10.0,10.0,10.0,10.316666666666666,1.0,1,0,0.0,0,0.0,0.31666666666666665,0.0,1,1,,,,never,never,,,-1,,,,,True,False,True,False,0,pooled_LOBO_32,never
1_1,XJTU,1,123,10.6,10.6,10.6,10.0,10.0,10.0,0.6,1.0,1,0,0.0,1,0.4,0.0,0.0,0,1,,,100.0,never,never,,-24.0,22,,,,,False,False,False,False,0,pooled_LOBO_32,fire_at_eligibility
1_2,XJTU,1,161,10.5375,10.5375,10.5375,10.0,10.0,10.0,0.5375,1.0,1,0,0.0,1,0.15,0.0,0.0,0,1,,,138.0,never,never,,-9.0,22,,,,,False,False,False,False,0,pooled_LOBO_32,fire_at_eligibility
1_3,XJTU,1,158,10.708333333333334,10.708333333333334,10.708333333333334,10.0,10.0,10.0,0.7083333333333334,1.0,1,0,0.0,1,0.8333333333333334,0.0,0.0,0,1,,,135.0,never,never,,-50.0,22,,,,,False,False,False,False,0,pooled_LOBO_32,fire_at_eligibility
1_4,XJTU,1,122,10.7375,10.7375,10.7375,10.0,10.0,10.0,0.7375,1.0,1,0,0.0,1,0.95,0.0,0.0,0,0,,,99.0,never,never,,-57.0,22,,,,,False,False,True,False,0,pooled_LOBO_32,fire_at_eligibility
1_5,XJTU,1,52,10.55,10.55,10.55,10.0,10.0,10.0,0.55,1.0,1,0,0.0,1,0.2,0.0,0.0,0,0,,,29.0,never,never,,-12.0,22,,,,,True,False,True,True,0,pooled_LOBO_32,fire_at_eligibility
2_1,XJTU,2,491,12.283333333333333,12.283333333333333,12.283333333333333,10.0,10.0,10.0,2.283333333333333,1.0,1,0,0.0,1,7.133333333333334,0.0,0.0,0,1,,,468.0,never,never,,-428.0,22,,,,,True,False,False,False,0,pooled_LOBO_32,fire_at_eligibility
2_2,XJTU,2,161,10.616666666666667,10.616666666666667,10.616666666666667,10.0,10.0,10.0,0.6166666666666667,1.0,1,0,0.0,1,0.4666666666666667,0.0,0.0,0,1,,,138.0,never,never,,-28.0,22,,,,,False,False,False,False,0,pooled_LOBO_32,fire_at_eligibility
2_3,XJTU,2,533,10.9375,10.9375,10.9375,10.0,10.0,10.0,0.9375,1.0,1,0,0.0,1,1.75,0.0,0.0,0,1,,,510.0,never,never,,-105.0,22,,,,,False,False,False,False,0,pooled_LOBO_32,fire_at_eligibility
2_4,XJTU,2,42,10.525,10.525,10.525,10.0,10.0,10.0,0.525,1.0,1,0,0.0,1,0.1,0.0,0.0,0,0,,,19.0,never,never,,-6.0,22,,,,,False,True,True,True,0,pooled_LOBO_32,fire_at_eligibility
2_5,XJTU,2,339,10.9125,10.9125,10.9125,10.0,10.0,10.0,0.9125,1.0,1,0,0.0,1,1.65,0.0,0.0,0,1,,,316.0,never,never,,-99.0,22,,,,,True,False,False,False,0,pooled_LOBO_32,fire_at_eligibility
3_1,XJTU,3,2538,12.5,12.5,12.5,10.0,10.0,10.0,2.5,1.0,1,0,0.0,1,8.0,0.0,0.0,0,1,,,2515.0,never,never,,-2356.0,22,,,,,False,False,False,False,0,pooled_LOBO_32,fire_at_eligibility
3_2,XJTU,3,2496,12.5,12.5,12.5,10.0,10.0,10.0,2.5,1.0,1,0,0.0,1,8.0,0.0,0.0,0,1,,,2473.0,never,never,,-1000.0,22,,,,,True,False,False,False,0,pooled_LOBO_32,fire_at_eligibility
3_3,XJTU,3,371,11.820833333333333,11.820833333333333,11.820833333333333,10.0,10.0,10.0,1.8208333333333333,1.0,1,0,0.0,1,5.283333333333333,0.0,0.0,0,1,,,348.0,never,never,,-317.0,22,,,,,True,False,True,False,0,pooled_LOBO_32,fire_at_eligibility
3_4,XJTU,3,1515,12.5,12.5,12.5,10.0,10.0,10.0,2.5,1.0,1,0,0.0,1,8.0,0.0,0.0,0,1,,,1492.0,never,never,,-1102.0,22,,,,,True,False,False,False,0,pooled_LOBO_32,fire_at_eligibility
3_5,XJTU,3,114,10.504166666666666,10.504166666666666,10.504166666666666,10.0,10.0,10.0,0.5041666666666667,1.0,1,0,0.0,1,0.016666666666666666,0.0,0.0,0,1,,,91.0,never,never,,-1.0,22,,,,,True,True,False,False,0,pooled_LOBO_32,fire_at_eligibility
FEMTO_1_1,FEMTO,4,467,11.316666666666666,11.316666666666666,11.316666666666666,10.0,10.0,10.0,1.3166666666666667,1.0,1,0,0.0,1,3.2666666666666666,0.0,0.0,0,1,,,444.0,never,never,,-196.0,22,,,,,True,False,False,False,0,pooled_LOBO_32,fire_at_eligibility
FEMTO_1_2,FEMTO,4,145,10.720833333333333,10.720833333333333,10.720833333333333,10.0,10.0,10.0,0.7208333333333333,1.0,1,0,0.0,1,0.8833333333333333,0.0,0.0,0,0,,,122.0,never,never,,-53.0,22,,,,,True,False,True,False,0,pooled_LOBO_32,fire_at_eligibility
FEMTO_1_3,FEMTO,4,395,11.333333333333334,11.333333333333334,11.333333333333334,10.0,10.0,10.0,1.3333333333333335,1.0,1,0,0.0,1,3.3333333333333335,0.0,0.0,0,1,,,372.0,never,never,,-200.0,22,,,,,True,False,False,False,0,pooled_LOBO_32,fire_at_eligibility
FEMTO_1_4,FEMTO,4,238,11.158333333333333,11.158333333333333,11.158333333333333,10.0,10.0,10.0,1.1583333333333332,1.0,1,0,0.0,1,2.6333333333333333,0.0,0.0,0,1,,,215.0,never,never,,-158.0,22,,,,,True,False,False,False,0,pooled_LOBO_32,fire_at_eligibility
FEMTO_1_5,FEMTO,4,410,12.075,12.075,12.075,10.0,10.0,10.0,2.075,1.0,1,0,0.0,1,6.3,0.0,0.0,0,0,,,387.0,never,never,,-378.0,22,,,,,True,False,True,False,0,pooled_LOBO_32,fire_at_eligibility
FEMTO_1_6,FEMTO,4,408,12.079166666666666,12.079166666666666,12.079166666666666,10.0,10.0,10.0,2.0791666666666666,1.0,1,0,0.0,1,6.316666666666666,0.0,0.0,0,0,,,385.0,never,never,,-379.0,22,,,,,True,False,True,False,0,pooled_LOBO_32,fire_at_eligibility
FEMTO_1_7,FEMTO,4,376,11.0875,11.0875,11.0875,10.0,10.0,10.0,1.0875,1.0,1,0,0.0,1,2.35,0.0,0.0,0,1,,,353.0,never,never,,-141.0,22,,,,,True,False,True,False,0,pooled_LOBO_32,fire_at_eligibility
FEMTO_2_1,FEMTO,5,151,10.508333333333333,10.508333333333333,10.508333333333333,10.0,10.0,10.0,0.5083333333333333,1.0,1,0,0.0,1,0.03333333333333333,0.0,0.0,0,0,,,128.0,never,never,,-2.0,22,,,,,False,True,False,False,0,pooled_LOBO_32,fire_at_eligibility
FEMTO_2_2,FEMTO,5,132,10.533333333333333,10.533333333333333,10.533333333333333,10.0,10.0,10.0,0.5333333333333333,1.0,1,0,0.0,1,0.13333333333333333,0.0,0.0,0,0,,,109.0,never,never,,-8.0,22,,,,,False,False,False,False,0,pooled_LOBO_32,fire_at_eligibility
FEMTO_2_3,FEMTO,5,325,11.754166666666666,11.754166666666666,11.754166666666666,10.0,10.0,10.0,1.7541666666666667,1.0,1,0,0.0,1,5.016666666666667,0.0,0.0,0,0,,,302.0,never,never,,-301.0,22,,,,,True,False,True,False,0,pooled_LOBO_32,fire_at_eligibility
FEMTO_2_4,FEMTO,5,125,10.920833333333333,10.920833333333333,10.920833333333333,10.0,10.0,10.0,0.9208333333333334,1.0,1,0,0.0,1,1.6833333333333333,0.0,0.0,0,0,,,102.0,never,never,,-101.0,22,,,,,True,False,True,False,0,pooled_LOBO_32,fire_at_eligibility
FEMTO_2_5,FEMTO,5,385,11.975,11.975,11.975,10.0,10.0,10.0,1.975,1.0,1,0,0.0,1,5.9,0.0,0.0,0,0,,,362.0,never,never,,-354.0,22,,,,,True,False,True,False,0,pooled_LOBO_32,fire_at_eligibility
FEMTO_2_6,FEMTO,5,116,10.879166666666666,10.879166666666666,10.879166666666666,10.0,10.0,10.0,0.8791666666666667,1.0,1,0,0.0,1,1.5166666666666666,0.0,0.0,0,0,,,93.0,never,never,,-91.0,22,,,,,True,False,True,False,0,pooled_LOBO_32,fire_at_eligibility
FEMTO_2_7,FEMTO,5,38,10.5625,10.5625,10.5625,10.0,10.0,10.0,0.5625,1.0,1,0,0.0,1,0.25,0.0,0.0,0,0,,,15.0,never,never,,-15.0,22,,,,,False,False,True,True,0,pooled_LOBO_32,fire_at_eligibility
FEMTO_3_1,FEMTO,6,85,10.741666666666667,10.741666666666667,10.741666666666667,10.0,10.0,10.0,0.7416666666666667,1.0,1,0,0.0,1,0.9666666666666667,0.0,0.0,0,0,,,62.0,never,never,,-58.0,22,,,,,True,False,True,False,0,pooled_LOBO_32,fire_at_eligibility
FEMTO_3_2,FEMTO,6,272,11.395833333333334,11.395833333333334,11.395833333333334,10.0,10.0,10.0,1.3958333333333335,1.0,1,0,0.0,1,3.5833333333333335,0.0,0.0,0,0,,,249.0,never,never,,-215.0,22,,,,,True,False,True,False,0,pooled_LOBO_32,fire_at_eligibility
FEMTO_3_3,FEMTO,6,72,10.616666666666667,10.616666666666667,10.616666666666667,10.0,10.0,10.0,0.6166666666666667,1.0,1,0,0.0,1,0.4666666666666667,0.0,0.0,0,1,,,49.0,never,never,,-28.0,22,,,,,True,False,True,False,0,pooled_LOBO_32,fire_at_eligibility
1_1,XJTU,1,123,5.933333333333333,3.9333333333333336,10.933333333333334,5.333333333333333,3.3333333333333335,10.333333333333334,0.6,0.0,0,1,0.6666666666666666,1,0.4,0.0,0.0,0,1,100.0,100.0,100.0,>60 (early page),>60 (early page),rul,-24.0,22,,,,,False,False,False,False,0,pooled_LOBO_32,fire_at_eligibility_critical
1_2,XJTU,1,161,6.2625,4.2625,11.2625,5.7250000000000005,3.725,10.725,0.5375,0.0,0,1,1.3,1,0.15,0.0,0.3,0,1,138.0,138.0,138.0,>60 (early page),>60 (early page),rul,-9.0,22,,,,,False,False,False,False,0,pooled_LOBO_32,fire_at_eligibility_critical
1_3,XJTU,1,158,6.395833333333333,4.395833333333333,11.395833333333334,5.6875,3.6875,10.6875,0.7083333333333334,0.0,0,1,1.25,1,0.8333333333333334,0.0,0.25,0,1,135.0,135.0,135.0,>60 (early page),>60 (early page),rul,-50.0,22,,,,,False,False,False,False,0,pooled_LOBO_32,fire_at_eligibility_critical
1_4,XJTU,1,122,6.0625,4.0625,11.0625,5.325,3.325,10.325,0.7375,0.0,0,1,0.65,1,0.95,0.0,0.0,0,0,99.0,99.0,99.0,>60 (early page),>60 (early page),rul,-57.0,22,,,,,False,False,True,False,0,pooled_LOBO_32,fire_at_eligibility_critical
1_5,XJTU,1,52,0.8833333333333333,0.8833333333333333,0.8833333333333333,0.3333333333333333,0.3333333333333333,0.3333333333333333,0.55,0.03333333333333333,0,0,0.0,1,0.2,0.0,0.0,0,0,29.0,29.0,29.0,10-60 (useful),10-60 (useful),rul,-12.0,22,,,,,True,False,True,True,0,pooled_LOBO_32,fire_at_eligibility_critical
2_1,XJTU,2,491,10.283333333333333,8.283333333333333,15.283333333333333,8.0,6.0,13.0,2.283333333333333,0.0,0,1,4.0,1,7.133333333333334,0.0,4.0,0,1,468.0,468.0,468.0,>60 (early page),>60 (early page),rul,-428.0,22,,,,,True,False,False,False,0,pooled_LOBO_32,fire_at_eligibility_critical
2_2,XJTU,2,161,6.341666666666667,4.341666666666667,11.341666666666667,5.7250000000000005,3.725,10.725,0.6166666666666667,0.0,0,1,1.3,1,0.4666666666666667,0.0,0.3,0,1,138.0,138.0,138.0,>60 (early page),>60 (early page),rul,-28.0,22,,,,,False,False,False,False,0,pooled_LOBO_32,fire_at_eligibility_critical
2_3,XJTU,2,533,8.9375,6.9375,13.9375,8.0,6.0,13.0,0.9375,0.0,0,1,4.0,1,1.75,0.0,4.0,0,1,510.0,510.0,510.0,>60 (early page),>60 (early page),rul,-105.0,22,,,,,False,False,False,False,0,pooled_LOBO_32,fire_at_eligibility_critical
2_4,XJTU,2,42,4.191666666666666,4.191666666666666,4.191666666666666,3.6666666666666665,3.6666666666666665,3.6666666666666665,0.525,0.36666666666666664,0,0,0.0,1,0.1,0.0,0.0,0,0,19.0,19.0,19.0,10-60 (useful),10-60 (useful),rul,-6.0,22,,,,,False,True,True,True,0,pooled_LOBO_32,fire_at_eligibility_critical
2_5,XJTU,2,339,8.729166666666666,6.729166666666666,13.729166666666666,7.816666666666666,5.816666666666666,12.816666666666666,0.9125,0.0,0,1,4.0,1,1.65,0.0,3.2666666666666666,0,1,316.0,316.0,316.0,>60 (early page),>60 (early page),rul,-99.0,22,,,,,True,False,False,False,0,pooled_LOBO_32,fire_at_eligibility_critical
3_1,XJTU,3,2538,10.5,8.5,15.5,8.0,6.0,13.0,2.5,0.0,0,1,4.0,1,8.0,0.0,4.0,0,1,2515.0,2515.0,2515.0,>60 (early page),>60 (early page),rul,-2356.0,22,,,,,False,False,False,False,0,pooled_LOBO_32,fire_at_eligibility_critical
3_2,XJTU,3,2496,10.5,8.5,15.5,8.0,6.0,13.0,2.5,0.0,0,1,4.0,1,8.0,0.0,4.0,0,1,2473.0,2473.0,2473.0,>60 (early page),>60 (early page),rul,-1000.0,22,,,,,True,False,False,False,0,pooled_LOBO_32,fire_at_eligibility_critical
3_3,XJTU,3,371,9.770833333333332,7.770833333333333,14.770833333333332,7.95,5.95,12.95,1.8208333333333333,0.0,0,1,4.0,1,5.283333333333333,0.0,3.8,0,1,348.0,348.0,348.0,>60 (early page),>60 (early page),rul,-317.0,22,,,,,True,False,True,False,0,pooled_LOBO_32,fire_at_eligibility_critical
3_4,XJTU,3,1515,10.5,8.5,15.5,8.0,6.0,13.0,2.5,0.0,0,1,4.0,1,8.0,0.0,4.0,0,1,1492.0,1492.0,1492.0,>60 (early page),>60 (early page),rul,-1102.0,22,,,,,True,False,False,False,0,pooled_LOBO_32,fire_at_eligibility_critical
3_5,XJTU,3,114,5.7625,3.7625,10.7625,5.258333333333334,3.2583333333333333,10.258333333333333,0.5041666666666667,0.0,0,1,0.5166666666666667,1,0.016666666666666666,0.0,0.0,0,1,91.0,91.0,91.0,>60 (early page),>60 (early page),rul,-1.0,22,,,,,True,True,False,False,0,pooled_LOBO_32,fire_at_eligibility_critical
FEMTO_1_1,FEMTO,4,467,9.316666666666666,7.316666666666666,14.316666666666666,8.0,6.0,13.0,1.3166666666666667,0.0,0,1,4.0,1,3.2666666666666666,0.0,4.0,0,1,444.0,444.0,444.0,>60 (early page),>60 (early page),rul,-196.0,22,,,,,True,False,False,False,0,pooled_LOBO_32,fire_at_eligibility_critical
FEMTO_1_2,FEMTO,4,145,6.245833333333334,4.245833333333334,11.245833333333334,5.525,3.525,10.525,0.7208333333333333,0.0,0,1,1.0333333333333334,1,0.8833333333333333,0.0,0.03333333333333333,0,0,122.0,122.0,122.0,>60 (early page),>60 (early page),rul,-53.0,22,,,,,True,False,True,False,0,pooled_LOBO_32,fire_at_eligibility_critical
FEMTO_1_3,FEMTO,4,395,9.333333333333334,7.333333333333333,14.333333333333334,8.0,6.0,13.0,1.3333333333333335,0.0,0,1,4.0,1,3.3333333333333335,0.0,4.0,0,1,372.0,372.0,372.0,>60 (early page),>60 (early page),rul,-200.0,22,,,,,True,False,False,False,0,pooled_LOBO_32,fire_at_eligibility_critical
FEMTO_1_4,FEMTO,4,238,7.845833333333333,5.845833333333333,12.845833333333333,6.6875,4.6875,11.6875,1.1583333333333332,0.0,0,1,2.5833333333333335,1,2.6333333333333333,0.0,1.5833333333333333,0,1,215.0,215.0,215.0,>60 (early page),>60 (early page),rul,-158.0,22,,,,,True,False,False,False,0,pooled_LOBO_32,fire_at_eligibility_critical
FEMTO_1_5,FEMTO,4,410,10.075,8.075,15.075,8.0,6.0,13.0,2.075,0.0,0,1,4.0,1,6.3,0.0,4.0,0,0,387.0,387.0,387.0,>60 (early page),>60 (early page),rul,-378.0,22,,,,,True,False,True,False,0,pooled_LOBO_32,fire_at_eligibility_critical
FEMTO_1_6,FEMTO,4,408,10.079166666666666,8.079166666666666,15.079166666666666,8.0,6.0,13.0,2.0791666666666666,0.0,0,1,4.0,1,6.316666666666666,0.0,4.0,0,0,385.0,385.0,385.0,>60 (early page),>60 (early page),rul,-379.0,22,,,,,True,False,True,False,0,pooled_LOBO_32,fire_at_eligibility_critical
FEMTO_1_7,FEMTO,4,376,9.058333333333334,7.058333333333334,14.058333333333334,7.970833333333333,5.970833333333333,12.970833333333333,1.0875,0.0,0,1,4.0,1,2.35,0.0,3.8833333333333333,0,1,353.0,353.0,353.0,>60 (early page),>60 (early page),rul,-141.0,22,,,,,True,False,True,False,0,pooled_LOBO_32,fire_at_eligibility_critical
FEMTO_2_1,FEMTO,5,151,6.108333333333333,4.108333333333333,11.108333333333333,5.6,3.5999999999999996,10.6,0.5083333333333333,0.0,0,1,1.1333333333333333,1,0.03333333333333333,0.0,0.13333333333333333,0,0,128.0,128.0,128.0,>60 (early page),>60 (early page),rul,-2.0,22,,,,,False,True,False,False,0,pooled_LOBO_32,fire_at_eligibility_critical
FEMTO_2_2,FEMTO,5,132,5.941666666666666,3.9416666666666664,10.941666666666666,5.408333333333333,3.408333333333333,10.408333333333333,0.5333333333333333,0.0,0,1,0.8166666666666667,1,0.13333333333333333,0.0,0.0,0,0,109.0,109.0,109.0,>60 (early page),>60 (early page),rul,-8.0,22,,,,,False,False,False,False,0,pooled_LOBO_32,fire_at_eligibility_critical
FEMTO_2_3,FEMTO,5,325,9.5125,7.512499999999999,14.5125,7.758333333333333,5.758333333333333,12.758333333333333,1.7541666666666667,0.0,0,1,4.0,1,5.016666666666667,0.0,3.033333333333333,0,0,302.0,302.0,302.0,>60 (early page),>60 (early page),rul,-301.0,22,,,,,True,False,True,False,0,pooled_LOBO_32,fire_at_eligibility_critical
FEMTO_2_4,FEMTO,5,125,6.270833333333333,4.270833333333333,11.270833333333332,5.35,3.35,10.35,0.9208333333333334,0.0,0,1,0.7,1,1.6833333333333333,0.0,0.0,0,0,102.0,102.0,102.0,>60 (early page),>60 (early page),rul,-101.0,22,,,,,True,False,True,False,0,pooled_LOBO_32,fire_at_eligibility_critical
FEMTO_2_5,FEMTO,5,385,9.975,7.975,14.975,8.0,6.0,13.0,1.975,0.0,0,1,4.0,1,5.9,0.0,4.0,0,0,362.0,362.0,362.0,>60 (early page),>60 (early page),rul,-354.0,22,,,,,True,False,True,False,0,pooled_LOBO_32,fire_at_eligibility_critical
FEMTO_2_6,FEMTO,5,116,6.154166666666667,4.154166666666667,11.154166666666667,5.275,3.275,10.275,0.8791666666666667,0.0,0,1,0.55,1,1.5166666666666666,0.0,0.0,0,0,93.0,93.0,93.0,>60 (early page),>60 (early page),rul,-91.0,22,,,,,True,False,True,False,0,pooled_LOBO_32,fire_at_eligibility_critical
FEMTO_2_7,FEMTO,5,38,5.5625,5.5625,5.5625,5.0,5.0,5.0,0.5625,0.5,0,0,0.0,1,0.25,0.0,0.0,0,0,15.0,15.0,15.0,10-60 (useful),10-60 (useful),rul,-15.0,22,,,,,False,False,True,True,0,pooled_LOBO_32,fire_at_eligibility_critical
FEMTO_3_1,FEMTO,6,85,5.758333333333333,3.7583333333333333,10.758333333333335,5.016666666666667,3.0166666666666666,10.016666666666667,0.7416666666666667,0.0,0,1,0.03333333333333333,1,0.9666666666666667,0.0,0.0,0,0,62.0,62.0,62.0,>60 (early page),>60 (early page),rul,-58.0,22,,,,,True,False,True,False,0,pooled_LOBO_32,fire_at_eligibility_critical
FEMTO_3_2,FEMTO,6,272,8.508333333333333,6.508333333333333,13.508333333333333,7.1125,5.1125,12.112499999999999,1.3958333333333335,0.0,0,1,3.15,1,3.5833333333333335,0.0,2.15,0,0,249.0,249.0,249.0,>60 (early page),>60 (early page),rul,-215.0,22,,,,,True,False,True,False,0,pooled_LOBO_32,fire_at_eligibility_critical
FEMTO_3_3,FEMTO,6,72,0.6166666666666667,0.6166666666666667,0.6166666666666667,0.0,0.0,0.0,0.6166666666666667,0.0,0,0,0.0,1,0.4666666666666667,0.0,0.0,0,1,49.0,49.0,49.0,10-60 (useful),10-60 (useful),rul,-28.0,22,,,,,True,False,True,False,0,pooled_LOBO_32,fire_at_eligibility_critical
1_1,XJTU,1,123,0.0,0.0,0.0,0.0,0.0,0.0,0.0,0.0,0,0,0.0,0,0.0,0.0,0.0,0,1,48.0,48.0,48.0,10-60 (useful),10-60 (useful),rul,0.0,74,,,,,False,False,False,False,0,pooled_LOBO_32,onset_eq_critical
1_2,XJTU,1,161,5.5625,3.5625,10.5625,5.5625,3.5625,10.5625,0.0,0.0,0,1,1.0833333333333333,0,0.0,0.0,0.08333333333333333,0,1,125.0,125.0,125.0,>60 (early page),>60 (early page),rul,0.0,35,,,,,False,False,False,False,0,pooled_LOBO_32,onset_eq_critical
1_3,XJTU,1,158,5.175,3.175,10.175,5.175,3.175,10.175,0.0,0.0,0,1,0.35,0,0.0,0.0,0.0,0,1,81.0,81.0,81.0,>60 (early page),>60 (early page),rul,0.0,76,,,,,False,False,False,False,0,pooled_LOBO_32,onset_eq_critical
1_4,XJTU,1,122,10.1,10.1,10.1,10.0,10.0,10.0,0.1,1.0,1,0,0.0,0,0.0,0.1,0.0,0,0,,,,never,never,,,-1,,,,,False,False,True,False,0,pooled_LOBO_32,onset_eq_critical
1_5,XJTU,1,52,5.699999999999999,5.699999999999999,5.699999999999999,5.666666666666666,5.666666666666666,5.666666666666666,0.03333333333333333,0.5666666666666667,0,0,0.0,0,0.0,0.03333333333333333,0.0,0,0,13.0,13.0,13.0,10-60 (useful),10-60 (useful),rul,2.0,38,,,,,True,False,True,True,0,pooled_LOBO_32,onset_eq_critical
2_1,XJTU,2,491,0.1,0.1,0.1,0.0,0.0,0.0,0.1,0.0,0,0,0.0,0,0.0,0.1,0.0,0,1,32.0,32.0,32.0,10-60 (useful),10-60 (useful),rul,6.0,458,,,,,True,False,False,False,0,pooled_LOBO_32,onset_eq_critical
2_2,XJTU,2,161,5.383333333333334,3.3833333333333333,10.383333333333333,5.383333333333334,3.3833333333333333,10.383333333333333,0.0,0.0,0,1,0.7666666666666667,0,0.0,0.0,0.0,0,1,106.0,106.0,106.0,>60 (early page),>60 (early page),rul,0.0,54,,,,,False,False,False,False,0,pooled_LOBO_32,onset_eq_critical
2_3,XJTU,2,533,7.458333333333334,5.458333333333334,12.458333333333334,7.275,5.275,12.275,0.18333333333333332,0.0,0,1,3.3666666666666667,0,0.0,0.18333333333333332,2.3666666666666667,0,1,262.0,262.0,262.0,>60 (early page),>60 (early page),rul,11.0,270,,,,,False,False,False,False,0,pooled_LOBO_32,onset_eq_critical
2_4,XJTU,2,42,7.733333333333333,7.733333333333333,7.733333333333333,7.666666666666667,7.666666666666667,7.666666666666667,0.06666666666666667,0.7666666666666667,1,0,0.0,0,0.0,0.06666666666666667,0.0,0,0,7.0,7.0,7.0,<10 (miss),<10 (miss),rul,4.0,34,,,,,False,True,True,True,0,pooled_LOBO_32,onset_eq_critical
2_5,XJTU,2,339,6.716666666666666,4.716666666666666,11.716666666666667,6.35,4.35,11.35,0.36666666666666664,0.0,0,1,2.1333333333333333,0,0.0,0.36666666666666664,1.1333333333333333,0,1,188.0,188.0,188.0,>60 (early page),>60 (early page),rul,22.0,150,,,,,True,False,False,False,0,pooled_LOBO_32,onset_eq_critical
3_1,XJTU,3,2538,5.8125,3.8125,10.8125,5.8125,3.8125,10.8125,0.0,0.0,0,1,1.4166666666666667,0,0.0,0.0,0.4166666666666667,0,1,145.0,145.0,145.0,>60 (early page),>60 (early page),rul,0.0,2392,,,,,False,False,False,False,0,pooled_LOBO_32,onset_eq_critical
3_2,XJTU,3,2496,8.0,6.0,13.0,8.0,6.0,13.0,0.0,0.0,0,1,4.0,0,0.0,0.0,4.0,0,1,1260.0,1260.0,1260.0,>60 (early page),>60 (early page),rul,0.0,1235,,,,,True,False,False,False,0,pooled_LOBO_32,onset_eq_critical
3_3,XJTU,3,371,1.7166666666666666,1.7166666666666666,1.7166666666666666,1.6666666666666665,1.6666666666666665,1.6666666666666665,0.05,0.16666666666666666,0,0,0.0,0,0.0,0.05,0.0,0,1,25.0,25.0,25.0,10-60 (useful),10-60 (useful),rul,3.0,345,,,,,True,False,True,False,0,pooled_LOBO_32,onset_eq_critical
3_4,XJTU,3,1515,5.341666666666667,3.341666666666667,10.341666666666667,5.275,3.275,10.275,0.06666666666666667,0.0,0,1,0.55,0,0.0,0.06666666666666667,0.0,0,1,93.0,93.0,93.0,>60 (early page),>60 (early page),rul,4.0,1421,,,,,True,False,False,False,0,pooled_LOBO_32,onset_eq_critical
3_5,XJTU,3,114,5.7625,3.7625,10.7625,5.258333333333334,3.2583333333333333,10.258333333333333,0.5041666666666667,0.0,0,1,0.5166666666666667,1,0.016666666666666666,0.0,0.0,0,1,91.0,91.0,91.0,>60 (early page),>60 (early page),rul,-1.0,22,,,,,True,True,False,False,0,pooled_LOBO_32,onset_eq_critical
FEMTO_1_1,FEMTO,4,467,7.05,5.05,12.05,7.05,5.05,12.05,0.0,0.0,0,1,3.066666666666667,0,0.0,0.0,2.066666666666667,0,1,244.0,244.0,244.0,>60 (early page),>60 (early page),rul,0.0,222,,,,,True,False,False,False,0,pooled_LOBO_32,onset_eq_critical
FEMTO_1_2,FEMTO,4,145,6.1875,4.1875,11.1875,5.483333333333333,3.4833333333333334,10.483333333333333,0.7041666666666666,0.0,0,1,0.9666666666666667,1,0.8166666666666667,0.0,0.0,0,0,118.0,118.0,118.0,>60 (early page),>60 (early page),rul,-49.0,26,,,,,True,False,True,False,0,pooled_LOBO_32,onset_eq_critical
FEMTO_1_3,FEMTO,4,395,5.9375,3.9375,10.9375,5.9375,3.9375,10.9375,0.0,0.0,0,1,1.5833333333333333,0,0.0,0.0,0.5833333333333334,0,1,155.0,155.0,155.0,>60 (early page),>60 (early page),rul,0.0,239,,,,,True,False,False,False,0,pooled_LOBO_32,onset_eq_critical
FEMTO_1_4,FEMTO,4,238,0.06666666666666667,0.06666666666666667,0.06666666666666667,0.0,0.0,0.0,0.06666666666666667,0.0,0,0,0.0,0,0.0,0.06666666666666667,0.0,0,1,52.0,52.0,52.0,10-60 (useful),10-60 (useful),rul,4.0,185,,,,,True,False,False,False,0,pooled_LOBO_32,onset_eq_critical
FEMTO_1_5,FEMTO,4,410,8.733333333333334,8.733333333333334,8.733333333333334,8.666666666666668,8.666666666666668,8.666666666666668,0.06666666666666667,0.8666666666666667,1,0,0.0,0,0.0,0.06666666666666667,0.0,0,0,4.0,4.0,4.0,<10 (miss),<10 (miss),rul,4.0,405,,,,,True,False,True,False,0,pooled_LOBO_32,onset_eq_critical
FEMTO_1_6,FEMTO,4,408,6.658333333333333,4.658333333333333,11.658333333333333,5.6375,3.6375,10.6375,1.0208333333333335,0.0,0,1,1.1833333333333333,1,2.0833333333333335,0.0,0.18333333333333332,0,0,131.0,131.0,131.0,>60 (early page),>60 (early page),rul,-125.0,276,,,,,True,False,True,False,0,pooled_LOBO_32,onset_eq_critical
FEMTO_1_7,FEMTO,4,376,9.316666666666666,9.316666666666666,9.316666666666666,9.0,9.0,9.0,10.316666666666666,0.9,1,0,0.0,0,0.0,0.31666666666666665,0.0,1,1,3.0,3.0,3.0,<10 (miss),<10 (miss),rul,19.0,372,,,,,True,False,True,False,0,pooled_LOBO_32,onset_eq_critical
FEMTO_2_1,FEMTO,5,151,5.55,3.55,10.55,5.55,3.55,10.55,0.0,0.0,0,1,1.0666666666666667,0,0.0,0.0,0.06666666666666667,0,0,124.0,124.0,124.0,>60 (early page),>60 (early page),rul,0.0,26,,,,,False,True,False,False,0,pooled_LOBO_32,onset_eq_critical
FEMTO_2_2,FEMTO,5,132,5.3,3.3,10.3,5.3,3.3,10.3,0.0,0.0,0,1,0.6,0,0.0,0.0,0.0,0,0,96.0,96.0,96.0,>60 (early page),>60 (early page),rul,0.0,35,,,,,False,False,False,False,0,pooled_LOBO_32,onset_eq_critical
FEMTO_2_3,FEMTO,5,325,9.129166666666666,7.129166666666666,14.129166666666666,7.475,5.475,12.475,1.6541666666666666,0.0,0,1,3.6333333333333333,1,4.616666666666666,0.0,2.6333333333333333,0,0,278.0,278.0,278.0,>60 (early page),>60 (early page),rul,-277.0,46,,,,,True,False,True,False,0,pooled_LOBO_32,onset_eq_critical
FEMTO_2_4,FEMTO,5,125,10.033333333333333,10.033333333333333,10.033333333333333,10.0,10.0,10.0,0.03333333333333333,1.0,1,0,0.0,0,0.0,0.03333333333333333,0.0,0,0,,,,never,never,,,-1,,,,,True,False,True,False,0,pooled_LOBO_32,onset_eq_critical
FEMTO_2_5,FEMTO,5,385,9.975,7.975,14.975,8.0,6.0,13.0,1.975,0.0,0,1,4.0,1,5.9,0.0,4.0,0,0,362.0,362.0,362.0,>60 (early page),>60 (early page),rul,-354.0,22,,,,,True,False,True,False,0,pooled_LOBO_32,onset_eq_critical
FEMTO_2_6,FEMTO,5,116,10.05,10.05,10.05,10.0,10.0,10.0,0.05,1.0,1,0,0.0,0,0.0,0.05,0.0,0,0,,,,never,never,,,-1,,,,,True,False,True,False,0,pooled_LOBO_32,onset_eq_critical
FEMTO_2_7,FEMTO,5,38,10.016666666666667,10.016666666666667,10.016666666666667,10.0,10.0,10.0,0.016666666666666666,1.0,1,0,0.0,0,0.0,0.016666666666666666,0.0,0,0,,,,never,never,,,-1,,,,,False,False,True,True,0,pooled_LOBO_32,onset_eq_critical
FEMTO_3_1,FEMTO,6,85,10.066666666666666,10.066666666666666,10.066666666666666,10.0,10.0,10.0,0.06666666666666667,1.0,1,0,0.0,0,0.0,0.06666666666666667,0.0,0,0,,,,never,never,,,-1,,,,,True,False,True,False,0,pooled_LOBO_32,onset_eq_critical
FEMTO_3_2,FEMTO,6,272,0.3333333333333333,0.3333333333333333,0.3333333333333333,0.3333333333333333,0.3333333333333333,0.3333333333333333,0.0,0.03333333333333333,0,0,0.0,0,0.0,0.0,0.0,0,0,29.0,29.0,29.0,10-60 (useful),10-60 (useful),rul,0.0,242,,,,,True,False,True,False,0,pooled_LOBO_32,onset_eq_critical
FEMTO_3_3,FEMTO,6,72,4.7,4.7,4.7,4.666666666666667,4.666666666666667,4.666666666666667,0.03333333333333333,0.4666666666666667,0,0,0.0,0,0.0,0.03333333333333333,0.0,0,1,16.0,16.0,16.0,10-60 (useful),10-60 (useful),rul,2.0,55,,,,,True,False,True,False,0,pooled_LOBO_32,onset_eq_critical
1_1,XJTU,1,123,10.0,10.0,10.0,10.0,10.0,10.0,0.0,1.0,1,0,0.0,0,0.0,0.0,0.0,0,1,,,48.0,never,never,,0.0,74,,,,,False,False,False,False,0,pooled_LOBO_32,onset_only
1_2,XJTU,1,161,10.0,10.0,10.0,10.0,10.0,10.0,0.0,1.0,1,0,0.0,0,0.0,0.0,0.0,0,1,,,125.0,never,never,,0.0,35,,,,,False,False,False,False,0,pooled_LOBO_32,onset_only
1_3,XJTU,1,158,10.0,10.0,10.0,10.0,10.0,10.0,0.0,1.0,1,0,0.0,0,0.0,0.0,0.0,0,1,,,81.0,never,never,,0.0,76,,,,,False,False,False,False,0,pooled_LOBO_32,onset_only
1_4,XJTU,1,122,10.1,10.1,10.1,10.0,10.0,10.0,0.1,1.0,1,0,0.0,0,0.0,0.1,0.0,0,0,,,,never,never,,,-1,,,,,False,False,True,False,0,pooled_LOBO_32,onset_only
1_5,XJTU,1,52,10.033333333333333,10.033333333333333,10.033333333333333,10.0,10.0,10.0,0.03333333333333333,1.0,1,0,0.0,0,0.0,0.03333333333333333,0.0,0,0,,,13.0,never,never,,2.0,38,,,,,True,False,True,True,0,pooled_LOBO_32,onset_only
2_1,XJTU,2,491,10.1,10.1,10.1,10.0,10.0,10.0,0.1,1.0,1,0,0.0,0,0.0,0.1,0.0,0,1,,,32.0,never,never,,6.0,458,,,,,True,False,False,False,0,pooled_LOBO_32,onset_only
2_2,XJTU,2,161,10.0,10.0,10.0,10.0,10.0,10.0,0.0,1.0,1,0,0.0,0,0.0,0.0,0.0,0,1,,,106.0,never,never,,0.0,54,,,,,False,False,False,False,0,pooled_LOBO_32,onset_only
2_3,XJTU,2,533,10.183333333333334,10.183333333333334,10.183333333333334,10.0,10.0,10.0,0.18333333333333332,1.0,1,0,0.0,0,0.0,0.18333333333333332,0.0,0,1,,,262.0,never,never,,11.0,270,,,,,False,False,False,False,0,pooled_LOBO_32,onset_only
2_4,XJTU,2,42,10.066666666666666,10.066666666666666,10.066666666666666,10.0,10.0,10.0,0.06666666666666667,1.0,1,0,0.0,0,0.0,0.06666666666666667,0.0,0,0,,,7.0,never,never,,4.0,34,,,,,False,True,True,True,0,pooled_LOBO_32,onset_only
2_5,XJTU,2,339,10.366666666666667,10.366666666666667,10.366666666666667,10.0,10.0,10.0,0.36666666666666664,1.0,1,0,0.0,0,0.0,0.36666666666666664,0.0,0,1,,,188.0,never,never,,22.0,150,,,,,True,False,False,False,0,pooled_LOBO_32,onset_only
3_1,XJTU,3,2538,10.0,10.0,10.0,10.0,10.0,10.0,0.0,1.0,1,0,0.0,0,0.0,0.0,0.0,0,1,,,145.0,never,never,,0.0,2392,,,,,False,False,False,False,0,pooled_LOBO_32,onset_only
3_2,XJTU,3,2496,10.0,10.0,10.0,10.0,10.0,10.0,0.0,1.0,1,0,0.0,0,0.0,0.0,0.0,0,1,,,1260.0,never,never,,0.0,1235,,,,,True,False,False,False,0,pooled_LOBO_32,onset_only
3_3,XJTU,3,371,10.05,10.05,10.05,10.0,10.0,10.0,0.05,1.0,1,0,0.0,0,0.0,0.05,0.0,0,1,,,25.0,never,never,,3.0,345,,,,,True,False,True,False,0,pooled_LOBO_32,onset_only
3_4,XJTU,3,1515,10.066666666666666,10.066666666666666,10.066666666666666,10.0,10.0,10.0,0.06666666666666667,1.0,1,0,0.0,0,0.0,0.06666666666666667,0.0,0,1,,,93.0,never,never,,4.0,1421,,,,,True,False,False,False,0,pooled_LOBO_32,onset_only
3_5,XJTU,3,114,10.504166666666666,10.504166666666666,10.504166666666666,10.0,10.0,10.0,0.5041666666666667,1.0,1,0,0.0,1,0.016666666666666666,0.0,0.0,0,1,,,91.0,never,never,,-1.0,22,,,,,True,True,False,False,0,pooled_LOBO_32,onset_only
FEMTO_1_1,FEMTO,4,467,10.0,10.0,10.0,10.0,10.0,10.0,0.0,1.0,1,0,0.0,0,0.0,0.0,0.0,0,1,,,244.0,never,never,,0.0,222,,,,,True,False,False,False,0,pooled_LOBO_32,onset_only
FEMTO_1_2,FEMTO,4,145,10.704166666666667,10.704166666666667,10.704166666666667,10.0,10.0,10.0,0.7041666666666666,1.0,1,0,0.0,1,0.8166666666666667,0.0,0.0,0,0,,,118.0,never,never,,-49.0,26,,,,,True,False,True,False,0,pooled_LOBO_32,onset_only
FEMTO_1_3,FEMTO,4,395,10.0,10.0,10.0,10.0,10.0,10.0,0.0,1.0,1,0,0.0,0,0.0,0.0,0.0,0,1,,,155.0,never,never,,0.0,239,,,,,True,False,False,False,0,pooled_LOBO_32,onset_only
FEMTO_1_4,FEMTO,4,238,10.066666666666666,10.066666666666666,10.066666666666666,10.0,10.0,10.0,0.06666666666666667,1.0,1,0,0.0,0,0.0,0.06666666666666667,0.0,0,1,,,52.0,never,never,,4.0,185,,,,,True,False,False,False,0,pooled_LOBO_32,onset_only
FEMTO_1_5,FEMTO,4,410,10.066666666666666,10.066666666666666,10.066666666666666,10.0,10.0,10.0,0.06666666666666667,1.0,1,0,0.0,0,0.0,0.06666666666666667,0.0,0,0,,,4.0,never,never,,4.0,405,,,,,True,False,True,False,0,pooled_LOBO_32,onset_only
FEMTO_1_6,FEMTO,4,408,11.020833333333334,11.020833333333334,11.020833333333334,10.0,10.0,10.0,1.0208333333333335,1.0,1,0,0.0,1,2.0833333333333335,0.0,0.0,0,0,,,131.0,never,never,,-125.0,276,,,,,True,False,True,False,0,pooled_LOBO_32,onset_only
FEMTO_1_7,FEMTO,4,376,10.316666666666666,10.316666666666666,10.316666666666666,10.0,10.0,10.0,10.316666666666666,1.0,1,0,0.0,0,0.0,0.31666666666666665,0.0,1,1,,,3.0,never,never,,19.0,372,,,,,True,False,True,False,0,pooled_LOBO_32,onset_only
FEMTO_2_1,FEMTO,5,151,10.0,10.0,10.0,10.0,10.0,10.0,0.0,1.0,1,0,0.0,0,0.0,0.0,0.0,0,0,,,124.0,never,never,,0.0,26,,,,,False,True,False,False,0,pooled_LOBO_32,onset_only
FEMTO_2_2,FEMTO,5,132,10.0,10.0,10.0,10.0,10.0,10.0,0.0,1.0,1,0,0.0,0,0.0,0.0,0.0,0,0,,,96.0,never,never,,0.0,35,,,,,False,False,False,False,0,pooled_LOBO_32,onset_only
FEMTO_2_3,FEMTO,5,325,11.654166666666667,11.654166666666667,11.654166666666667,10.0,10.0,10.0,1.6541666666666666,1.0,1,0,0.0,1,4.616666666666666,0.0,0.0,0,0,,,278.0,never,never,,-277.0,46,,,,,True,False,True,False,0,pooled_LOBO_32,onset_only
FEMTO_2_4,FEMTO,5,125,10.033333333333333,10.033333333333333,10.033333333333333,10.0,10.0,10.0,0.03333333333333333,1.0,1,0,0.0,0,0.0,0.03333333333333333,0.0,0,0,,,,never,never,,,-1,,,,,True,False,True,False,0,pooled_LOBO_32,onset_only
FEMTO_2_5,FEMTO,5,385,11.975,11.975,11.975,10.0,10.0,10.0,1.975,1.0,1,0,0.0,1,5.9,0.0,0.0,0,0,,,362.0,never,never,,-354.0,22,,,,,True,False,True,False,0,pooled_LOBO_32,onset_only
FEMTO_2_6,FEMTO,5,116,10.05,10.05,10.05,10.0,10.0,10.0,0.05,1.0,1,0,0.0,0,0.0,0.05,0.0,0,0,,,,never,never,,,-1,,,,,True,False,True,False,0,pooled_LOBO_32,onset_only
FEMTO_2_7,FEMTO,5,38,10.016666666666667,10.016666666666667,10.016666666666667,10.0,10.0,10.0,0.016666666666666666,1.0,1,0,0.0,0,0.0,0.016666666666666666,0.0,0,0,,,,never,never,,,-1,,,,,False,False,True,True,0,pooled_LOBO_32,onset_only
FEMTO_3_1,FEMTO,6,85,10.066666666666666,10.066666666666666,10.066666666666666,10.0,10.0,10.0,0.06666666666666667,1.0,1,0,0.0,0,0.0,0.06666666666666667,0.0,0,0,,,,never,never,,,-1,,,,,True,False,True,False,0,pooled_LOBO_32,onset_only
FEMTO_3_2,FEMTO,6,272,10.0,10.0,10.0,10.0,10.0,10.0,0.0,1.0,1,0,0.0,0,0.0,0.0,0.0,0,0,,,29.0,never,never,,0.0,242,,,,,True,False,True,False,0,pooled_LOBO_32,onset_only
FEMTO_3_3,FEMTO,6,72,10.033333333333333,10.033333333333333,10.033333333333333,10.0,10.0,10.0,0.03333333333333333,1.0,1,0,0.0,0,0.0,0.03333333333333333,0.0,0,1,,,16.0,never,never,,2.0,55,,,,,True,False,True,False,0,pooled_LOBO_32,onset_only
FEMTO_1_1,FEMTO,4,467,8.516666666666667,8.516666666666667,8.516666666666667,8.516666666666667,8.516666666666667,8.516666666666667,0.0,0.8,1,0,0.0,0,0.0,0.0,2.066666666666667,0,1,6.0,244.0,244.0,<10 (miss),>60 (early page),severity,0.0,222,70.42165824767329,18.26654604209632,32.67515166512344,1.0,True,False,False,False,0,transfer_XF,N
FEMTO_1_2,FEMTO,4,145,10.704166666666667,10.704166666666667,10.704166666666667,10.0,10.0,10.0,0.7041666666666666,1.0,1,0,0.0,1,0.8166666666666667,0.0,0.0,0,0,,2.0,118.0,never,<10 (miss),,-49.0,26,134.29597045937723,35.4971369766623,98.58885624765286,1.0,True,False,True,False,0,transfer_XF,N
FEMTO_1_3,FEMTO,4,395,5.4875,3.4875000000000003,10.487499999999999,5.4875,3.4875000000000003,10.487499999999999,0.0,0.0,0,1,0.9666666666666667,0,0.0,0.0,0.016666666666666666,0,1,118.0,121.0,155.0,>60 (early page),>60 (early page),severity,0.0,239,148.96042863847333,39.452988263539346,12.779108321586527,0.967741935483871,True,False,False,False,0,transfer_XF,N
FEMTO_1_4,FEMTO,4,238,0.06666666666666667,0.06666666666666667,0.06666666666666667,0.0,0.0,0.0,0.06666666666666667,0.0,0,0,0.0,0,0.0,0.06666666666666667,0.0,0,1,52.0,52.0,52.0,10-60 (useful),10-60 (useful),rul,4.0,185,20.44709419861985,4.785519938699373,20.88470560759875,0.16129032258064516,True,False,False,False,0,transfer_XF,N
FEMTO_1_5,FEMTO,4,410,10.066666666666666,10.066666666666666,10.066666666666666,10.0,10.0,10.0,0.06666666666666667,1.0,1,0,0.0,0,0.0,0.06666666666666667,0.0,0,0,,,4.0,never,never,,4.0,405,77.38574174367811,20.14516155745578,54.93363262469906,1.0,True,False,True,False,0,transfer_XF,N
FEMTO_1_6,FEMTO,4,408,11.020833333333334,11.020833333333334,11.020833333333334,10.0,10.0,10.0,1.0208333333333335,1.0,1,0,0.0,1,2.0833333333333335,0.0,0.0,0,0,0.0,96.0,131.0,<10 (miss),>60 (early page),rul,-125.0,276,63.78664108730884,16.476698722016415,93.22723494637505,1.0,True,False,True,False,0,transfer_XF,N
FEMTO_1_7,FEMTO,4,376,9.05,9.05,9.05,9.0,9.0,9.0,0.05,0.9,1,0,0.0,0,0.0,0.05,0.0,0,1,3.0,3.0,19.0,<10 (miss),<10 (miss),rul,3.0,356,179.11246639281327,47.586734215537625,115.75465014274951,1.0,True,False,True,False,0,transfer_XF,N
FEMTO_2_1,FEMTO,5,151,0.0,0.0,0.0,0.0,0.0,0.0,0.0,0.0,0,0,0.0,0,0.0,0.0,0.0,0,0,44.0,120.0,124.0,10-60 (useful),>60 (early page),severity,0.0,26,87.46693366295969,22.864641236834064,38.05529663104464,1.0,False,True,False,False,0,transfer_XF,N
FEMTO_2_2,FEMTO,5,132,0.0,0.0,0.0,0.0,0.0,0.0,0.0,0.0,0,0,0.0,0,0.0,0.0,0.0,0,0,55.0,87.0,96.0,10-60 (useful),>60 (early page),severity,0.0,35,91.29205521915887,23.896497432661434,51.879547081011076,1.0,False,False,False,False,0,transfer_XF,N
FEMTO_2_3,FEMTO,5,325,9.129166666666666,7.129166666666666,14.129166666666666,7.475,5.475,12.475,1.6541666666666666,0.0,0,1,3.6333333333333333,1,4.616666666666666,0.0,2.6333333333333333,0,0,278.0,278.0,278.0,>60 (early page),>60 (early page),rul,-277.0,46,16.749584758654784,3.7880881005987286,165.32711926917077,1.0,True,False,True,False,0,transfer_XF,N
FEMTO_2_4,FEMTO,5,125,10.033333333333333,10.033333333333333,10.033333333333333,10.0,10.0,10.0,0.03333333333333333,1.0,1,0,0.0,0,0.0,0.03333333333333333,0.0,0,0,,,,never,never,,,-1,,,,,True,False,True,False,0,transfer_XF,N
FEMTO_2_5,FEMTO,5,385,11.975,11.975,11.975,10.0,10.0,10.0,1.975,1.0,1,0,0.0,1,5.9,0.0,0.0,0,0,,4.0,362.0,never,<10 (miss),,-354.0,22,144.65883289411065,38.29259946136604,104.43116435362157,1.0,True,False,True,False,0,transfer_XF,N
FEMTO_2_6,FEMTO,5,116,10.05,10.05,10.05,10.0,10.0,10.0,0.05,1.0,1,0,0.0,0,0.0,0.05,0.0,0,0,,,,never,never,,,-1,,,,,True,False,True,False,0,transfer_XF,N
FEMTO_2_7,FEMTO,5,38,10.016666666666667,10.016666666666667,10.016666666666667,10.0,10.0,10.0,0.016666666666666666,1.0,1,0,0.0,0,0.0,0.016666666666666666,0.0,0,0,,,,never,never,,,-1,,,,,False,False,True,True,0,transfer_XF,N
FEMTO_3_1,FEMTO,6,85,10.066666666666666,10.066666666666666,10.066666666666666,10.0,10.0,10.0,0.06666666666666667,1.0,1,0,0.0,0,0.0,0.06666666666666667,0.0,0,0,,,,never,never,,,-1,,,,,True,False,True,False,0,transfer_XF,N
FEMTO_3_2,FEMTO,6,272,10.0,10.0,10.0,10.0,10.0,10.0,0.0,1.0,1,0,0.0,0,0.0,0.0,0.0,0,0,0.0,28.0,29.0,<10 (miss),10-60 (useful),rul,0.0,242,72.44242437980019,18.81166337317145,135.6019989253363,1.0,True,False,True,False,0,transfer_XF,N
FEMTO_3_3,FEMTO,6,72,10.033333333333333,10.033333333333333,10.033333333333333,10.0,10.0,10.0,0.03333333333333333,1.0,1,0,0.0,0,0.0,0.03333333333333333,0.0,0,1,,12.0,16.0,never,10-60 (useful),,2.0,55,81.58699422653011,21.27848198687855,35.716526075435354,1.0,True,False,True,False,0,transfer_XF,N
FEMTO_1_1,FEMTO,4,467,6.375,4.375,11.375,6.375,4.375,11.375,0.0,0.0,0,1,2.0,0,0.0,0.0,1.5,0,1,180.0,210.0,244.0,>60 (early page),>60 (early page),rul,0.0,222,92.0,5.065217391304349,30.0,0.0,True,False,False,False,0,transfer_XF,D
FEMTO_1_2,FEMTO,4,145,0.7041666666666666,0.7041666666666666,0.7041666666666666,0.0,0.0,0.0,0.7041666666666666,0.0,0,0,0.0,1,0.8166666666666667,0.0,0.0,0,0,54.0,84.0,118.0,10-60 (useful),>60 (early page),rul,-49.0,26,92.0,5.065217391304349,3.5,0.0,True,False,True,False,0,transfer_XF,D
FEMTO_1_3,FEMTO,4,395,5.2625,3.2625,10.2625,5.2625,3.2625,10.2625,0.0,0.0,0,1,0.5166666666666667,0,0.0,0.0,0.016666666666666666,0,1,91.0,121.0,155.0,>60 (early page),>60 (early page),rul,0.0,239,92.0,5.065217391304349,30.0,0.0,True,False,False,False,0,transfer_XF,D
FEMTO_1_4,FEMTO,4,238,10.066666666666666,10.066666666666666,10.066666666666666,10.0,10.0,10.0,0.06666666666666667,1.0,1,0,0.0,0,0.0,0.06666666666666667,0.0,0,1,,52.0,52.0,never,10-60 (useful),,4.0,185,92.0,5.065217391304349,40.0,1.0,True,False,False,False,0,transfer_XF,D
FEMTO_1_5,FEMTO,4,410,10.066666666666666,10.066666666666666,10.066666666666666,10.0,10.0,10.0,0.06666666666666667,1.0,1,0,0.0,0,0.0,0.06666666666666667,0.0,0,0,,,4.0,never,never,,4.0,405,92.0,5.065217391304349,88.0,1.0,True,False,True,False,0,transfer_XF,D
FEMTO_1_6,FEMTO,4,408,6.079166666666667,4.079166666666667,11.079166666666667,5.058333333333334,3.058333333333333,10.058333333333334,1.0208333333333335,0.0,0,1,0.11666666666666667,1,2.0833333333333335,0.0,0.0,0,0,67.0,97.0,131.0,>60 (early page),>60 (early page),rul,-125.0,276,92.0,5.065217391304349,3.0,0.0,True,False,True,False,0,transfer_XF,D
FEMTO_1_7,FEMTO,4,376,10.316666666666666,10.316666666666666,10.316666666666666,10.0,10.0,10.0,10.316666666666666,1.0,1,0,0.0,0,0.0,0.31666666666666665,0.0,1,1,,3.0,3.0,never,<10 (miss),,19.0,372,92.0,5.065217391304349,89.0,1.0,True,False,True,False,0,transfer_XF,D
FEMTO_2_1,FEMTO,5,151,0.004166666666666667,0.004166666666666667,0.004166666666666667,0.004166666666666667,0.004166666666666667,0.004166666666666667,0.0,0.0,0,0,0.0,0,0.0,0.0,0.016666666666666666,0,0,60.0,121.0,124.0,10-60 (useful),>60 (early page),rul,0.0,26,92.0,5.065217391304349,6.5,0.0,False,True,False,False,0,transfer_XF,D
FEMTO_2_2,FEMTO,5,132,0.0,0.0,0.0,0.0,0.0,0.0,0.0,0.0,0,0,0.0,0,0.0,0.0,0.0,0,0,32.0,89.0,96.0,10-60 (useful),>60 (early page),rul,0.0,35,92.0,5.065217391304349,2.888888888888889,0.0,False,False,False,False,0,transfer_XF,D
FEMTO_2_3,FEMTO,5,325,8.591666666666667,6.591666666666667,13.591666666666667,6.9375,4.9375,11.9375,1.6541666666666666,0.0,0,1,2.566666666666667,1,4.616666666666666,0.0,2.6166666666666667,0,0,214.0,277.0,278.0,>60 (early page),>60 (early page),rul,-277.0,46,92.0,5.065217391304349,0.5,0.0,True,False,True,False,0,transfer_XF,D
FEMTO_2_4,FEMTO,5,125,10.033333333333333,10.033333333333333,10.033333333333333,10.0,10.0,10.0,0.03333333333333333,1.0,1,0,0.0,0,0.0,0.03333333333333333,0.0,0,0,,,,never,never,,,-1,,,,,True,False,True,False,0,transfer_XF,D
FEMTO_2_5,FEMTO,5,385,9.825000000000001,7.825000000000001,14.825000000000001,7.85,5.85,12.850000000000001,1.975,0.0,0,1,3.966666666666667,1,5.9,0.0,3.466666666666667,0,0,298.0,328.0,362.0,>60 (early page),>60 (early page),rul,-354.0,22,92.0,5.065217391304349,0.5,0.0,True,False,True,False,0,transfer_XF,D
FEMTO_2_6,FEMTO,5,116,10.05,10.05,10.05,10.0,10.0,10.0,0.05,1.0,1,0,0.0,0,0.0,0.05,0.0,0,0,,,,never,never,,,-1,,,,,True,False,True,False,0,transfer_XF,D
FEMTO_2_7,FEMTO,5,38,10.016666666666667,10.016666666666667,10.016666666666667,10.0,10.0,10.0,0.016666666666666666,1.0,1,0,0.0,0,0.0,0.016666666666666666,0.0,0,0,,,,never,never,,,-1,,,,,False,False,True,True,0,transfer_XF,D
FEMTO_3_1,FEMTO,6,85,10.066666666666666,10.066666666666666,10.066666666666666,10.0,10.0,10.0,0.06666666666666667,1.0,1,0,0.0,0,0.0,0.06666666666666667,0.0,0,0,,,,never,never,,,-1,,,,,True,False,True,False,0,transfer_XF,D
FEMTO_3_2,FEMTO,6,272,10.0,10.0,10.0,10.0,10.0,10.0,0.0,1.0,1,0,0.0,0,0.0,0.0,0.0,0,0,,0.0,29.0,never,<10 (miss),,0.0,242,92.0,5.065217391304349,63.0,1.0,True,False,True,False,0,transfer_XF,D
FEMTO_3_3,FEMTO,6,72,10.033333333333333,10.033333333333333,10.033333333333333,10.0,10.0,10.0,0.03333333333333333,1.0,1,0,0.0,0,0.0,0.03333333333333333,0.0,0,1,,12.0,16.0,never,10-60 (useful),,2.0,55,92.0,5.065217391304349,76.0,1.0,True,False,True,False,0,transfer_XF,D
FEMTO_1_1,FEMTO,4,467,5.975,3.975,10.975,5.975,3.975,10.975,0.0,0.0,0,1,1.4666666666666666,0,0.0,0.0,0.9666666666666667,0,1,148.0,178.0,209.0,>60 (early page),>60 (early page),rul,0.0,257,89.0,4.000000000000001,30.0,0.0,True,False,False,False,0,transfer_XF,D'
FEMTO_1_2,FEMTO,4,145,0.7041666666666666,0.7041666666666666,0.7041666666666666,0.0,0.0,0.0,0.7041666666666666,0.0,0,0,0.0,1,0.8166666666666667,0.0,0.0,0,0,57.0,87.0,118.0,10-60 (useful),>60 (early page),rul,-49.0,26,89.0,4.000000000000001,3.5,0.0,True,False,True,False,0,transfer_XF,D'
FEMTO_1_3,FEMTO,4,395,5.45,3.45,10.45,5.45,3.45,10.45,0.0,0.0,0,1,0.7666666666666667,0,0.0,0.0,0.26666666666666666,0,1,106.0,136.0,167.0,>60 (early page),>60 (early page),rul,0.0,227,89.0,4.000000000000001,30.0,0.0,True,False,False,False,0,transfer_XF,D'
FEMTO_1_4,FEMTO,4,238,10.1,10.1,10.1,10.0,10.0,10.0,0.1,1.0,1,0,0.0,0,0.0,0.1,0.0,0,1,,50.0,50.0,never,10-60 (useful),,6.0,187,89.0,4.000000000000001,39.0,1.0,True,False,False,False,0,transfer_XF,D'
FEMTO_1_5,FEMTO,4,410,10.1,10.1,10.1,10.0,10.0,10.0,0.1,1.0,1,0,0.0,0,0.0,0.1,0.0,0,0,,,2.0,never,never,,6.0,407,89.0,4.000000000000001,87.0,1.0,True,False,True,False,0,transfer_XF,D'
FEMTO_1_6,FEMTO,4,408,10.116666666666667,10.116666666666667,10.116666666666667,10.0,10.0,10.0,0.11666666666666667,1.0,1,0,0.0,0,0.0,0.11666666666666667,0.0,0,0,,,,never,never,,,-1,,,,,True,False,True,False,0,transfer_XF,D'
FEMTO_1_7,FEMTO,4,376,10.333333333333334,10.333333333333334,10.333333333333334,10.0,10.0,10.0,10.333333333333334,1.0,1,0,0.0,0,0.0,0.3333333333333333,0.0,1,1,,2.0,2.0,never,<10 (miss),,20.0,373,89.0,4.000000000000001,87.0,1.0,True,False,True,False,0,transfer_XF,D'
FEMTO_2_1,FEMTO,5,151,5.0125,3.0125,10.0125,5.0125,3.0125,10.0125,0.0,0.0,0,1,0.016666666666666666,0,0.0,0.0,0.016666666666666666,0,0,61.0,121.0,122.0,>60 (early page),>60 (early page),rul,0.0,28,89.0,4.000000000000001,6.5,0.0,False,True,False,False,0,transfer_XF,D'
FEMTO_2_2,FEMTO,5,132,0.0,0.0,0.0,0.0,0.0,0.0,0.0,0.0,0,0,0.0,0,0.0,0.0,0.0,0,0,34.0,89.0,95.0,10-60 (useful),>60 (early page),rul,0.0,36,89.0,4.000000000000001,3.6666666666666665,0.0,False,False,False,False,0,transfer_XF,D'
FEMTO_2_3,FEMTO,5,325,8.5875,6.5875,13.5875,6.941666666666667,4.941666666666667,11.941666666666666,1.6458333333333333,0.0,0,1,2.5833333333333335,1,4.583333333333333,0.0,2.6,0,0,215.0,276.0,276.0,>60 (early page),>60 (early page),rul,-275.0,48,89.0,4.000000000000001,0.5,0.0,True,False,True,False,0,transfer_XF,D'
FEMTO_2_4,FEMTO,5,125,10.033333333333333,10.033333333333333,10.033333333333333,10.0,10.0,10.0,0.03333333333333333,1.0,1,0,0.0,0,0.0,0.03333333333333333,0.0,0,0,,,,never,never,,,-1,,,,,True,False,True,False,0,transfer_XF,D'
FEMTO_2_5,FEMTO,5,385,9.829166666666667,7.8291666666666675,14.829166666666667,7.862500000000001,5.862500000000001,12.8625,1.9666666666666666,0.0,0,1,3.9833333333333334,1,5.866666666666666,0.0,3.4833333333333334,0,0,299.0,329.0,360.0,>60 (early page),>60 (early page),rul,-352.0,24,89.0,4.000000000000001,0.5,0.0,True,False,True,False,0,transfer_XF,D'
FEMTO_2_6,FEMTO,5,116,10.05,10.05,10.05,10.0,10.0,10.0,0.05,1.0,1,0,0.0,0,0.0,0.05,0.0,0,0,,,,never,never,,,-1,,,,,True,False,True,False,0,transfer_XF,D'
FEMTO_2_7,FEMTO,5,38,10.016666666666667,10.016666666666667,10.016666666666667,10.0,10.0,10.0,0.016666666666666666,1.0,1,0,0.0,0,0.0,0.016666666666666666,0.0,0,0,,,,never,never,,,-1,,,,,False,False,True,True,0,transfer_XF,D'
FEMTO_3_1,FEMTO,6,85,10.066666666666666,10.066666666666666,10.066666666666666,10.0,10.0,10.0,0.06666666666666667,1.0,1,0,0.0,0,0.0,0.06666666666666667,0.0,0,0,,,,never,never,,,-1,,,,,True,False,True,False,0,transfer_XF,D'
FEMTO_3_2,FEMTO,6,272,10.0,10.0,10.0,10.0,10.0,10.0,0.0,1.0,1,0,0.0,0,0.0,0.0,0.0,0,0,,0.0,27.0,never,<10 (miss),,0.0,244,89.0,4.000000000000001,62.0,1.0,True,False,True,False,0,transfer_XF,D'
FEMTO_3_3,FEMTO,6,72,10.066666666666666,10.066666666666666,10.066666666666666,10.0,10.0,10.0,0.06666666666666667,1.0,1,0,0.0,0,0.0,0.06666666666666667,0.0,0,1,,12.0,14.0,never,10-60 (useful),,4.0,57,89.0,4.000000000000001,75.0,1.0,True,False,True,False,0,transfer_XF,D'
FEMTO_1_1,FEMTO,4,467,11.083333333333334,11.083333333333334,11.083333333333334,10.0,10.0,10.0,11.083333333333334,1.0,1,0,0.0,0,0.0,1.0833333333333333,0.0,1,1,,,,never,never,,,-1,,,24.44782825917251,1.0,True,False,False,False,0,transfer_XF,R0
FEMTO_1_2,FEMTO,4,145,10.133333333333333,10.133333333333333,10.133333333333333,10.0,10.0,10.0,0.13333333333333333,1.0,1,0,0.0,0,0.0,0.13333333333333333,0.0,0,0,,,,never,never,,,-1,,,40.765107142857154,1.0,True,False,True,False,0,transfer_XF,R0
FEMTO_1_3,FEMTO,4,395,11.816666666666666,11.816666666666666,11.816666666666666,10.0,10.0,10.0,11.816666666666666,1.0,1,0,0.0,0,0.0,1.8166666666666667,0.0,1,1,,,,never,never,,,-1,,,18.52301092896175,1.0,True,False,False,False,0,transfer_XF,R0
FEMTO_1_4,FEMTO,4,238,10.95,10.95,10.95,10.0,10.0,10.0,10.95,1.0,1,0,0.0,0,0.0,0.95,0.0,1,1,,,,never,never,,,-1,,,12.934426900584793,0.3870967741935484,True,False,False,False,0,transfer_XF,R0
FEMTO_1_5,FEMTO,4,410,10.15,10.15,10.15,10.0,10.0,10.0,0.15,1.0,1,0,0.0,0,0.0,0.15,0.0,0,0,,,,never,never,,,-1,,,45.73457671957673,1.0,True,False,True,False,0,transfer_XF,R0
FEMTO_1_6,FEMTO,4,408,10.116666666666667,10.116666666666667,10.116666666666667,10.0,10.0,10.0,0.11666666666666667,1.0,1,0,0.0,0,0.0,0.11666666666666667,0.0,0,0,,,,never,never,,,-1,,,46.15216326530613,1.0,True,False,True,False,0,transfer_XF,R0
FEMTO_1_7,FEMTO,4,376,10.383333333333333,10.383333333333333,10.383333333333333,10.0,10.0,10.0,10.383333333333333,1.0,1,0,0.0,0,0.0,0.38333333333333336,0.0,1,1,,,,never,never,,,-1,,,37.93806832298137,1.0,True,False,True,False,0,transfer_XF,R0
FEMTO_2_1,FEMTO,5,151,10.233333333333333,10.233333333333333,10.233333333333333,10.0,10.0,10.0,0.23333333333333334,1.0,1,0,0.0,0,0.0,0.23333333333333334,0.0,0,0,,,,never,never,,,-1,,,42.007146258503404,1.0,False,True,False,False,0,transfer_XF,R0
FEMTO_2_2,FEMTO,5,132,10.15,10.15,10.15,10.0,10.0,10.0,0.15,1.0,1,0,0.0,0,0.0,0.15,0.0,0,0,,,,never,never,,,-1,,,50.14,1.0,False,False,False,False,0,transfer_XF,R0
FEMTO_2_3,FEMTO,5,325,10.033333333333333,10.033333333333333,10.033333333333333,10.0,10.0,10.0,0.03333333333333333,1.0,1,0,0.0,0,0.0,0.03333333333333333,0.0,0,0,,,,never,never,,,-1,,,32.59147619047617,1.0,True,False,True,False,0,transfer_XF,R0
FEMTO_2_4,FEMTO,5,125,10.033333333333333,10.033333333333333,10.033333333333333,10.0,10.0,10.0,0.03333333333333333,1.0,1,0,0.0,0,0.0,0.03333333333333333,0.0,0,0,,,,never,never,,,-1,,,56.31976190476192,1.0,True,False,True,False,0,transfer_XF,R0
FEMTO_2_5,FEMTO,5,385,10.033333333333333,10.033333333333333,10.033333333333333,10.0,10.0,10.0,0.03333333333333333,1.0,1,0,0.0,0,0.0,0.03333333333333333,0.0,0,0,,,,never,never,,,-1,,,46.86883333333333,1.0,True,False,True,False,0,transfer_XF,R0
FEMTO_2_6,FEMTO,5,116,10.05,10.05,10.05,10.0,10.0,10.0,0.05,1.0,1,0,0.0,0,0.0,0.05,0.0,0,0,,,,never,never,,,-1,,,49.70165079365079,1.0,True,False,True,False,0,transfer_XF,R0
FEMTO_2_7,FEMTO,5,38,10.016666666666667,10.016666666666667,10.016666666666667,10.0,10.0,10.0,0.016666666666666666,1.0,1,0,0.0,0,0.0,0.016666666666666666,0.0,0,0,,,,never,never,,,-1,,,37.94271428571428,1.0,False,False,True,True,0,transfer_XF,R0
FEMTO_3_1,FEMTO,6,85,10.066666666666666,10.066666666666666,10.066666666666666,10.0,10.0,10.0,0.06666666666666667,1.0,1,0,0.0,0,0.0,0.06666666666666667,0.0,0,0,,,,never,never,,,-1,,,47.55763095238096,1.0,True,False,True,False,0,transfer_XF,R0
FEMTO_3_2,FEMTO,6,272,10.15,10.15,10.15,10.0,10.0,10.0,0.15,1.0,1,0,0.0,0,0.0,0.15,0.0,0,0,,,,never,never,,,-1,,,43.10650264550264,1.0,True,False,True,False,0,transfer_XF,R0
FEMTO_3_3,FEMTO,6,72,10.316666666666666,10.316666666666666,10.316666666666666,10.0,10.0,10.0,10.316666666666666,1.0,1,0,0.0,0,0.0,0.31666666666666665,0.0,1,1,,,,never,never,,,-1,,,42.575408521303245,1.0,True,False,True,False,0,transfer_XF,R0
1_1,XJTU,1,123,10.0,10.0,10.0,10.0,10.0,10.0,0.0,1.0,1,0,0.0,0,0.0,0.0,0.0,0,1,,40.0,48.0,never,10-60 (useful),,0.0,74,118.0,1.950413223140497,70.0,1.0,False,False,False,False,0,transfer_FX,N
1_2,XJTU,1,161,0.0,0.0,0.0,0.0,0.0,0.0,0.0,0.0,0,0,0.0,0,0.0,0.0,0.0,0,1,35.0,104.0,125.0,10-60 (useful),>60 (early page),rul,0.0,35,118.0,1.950413223140497,6.540983606557377,0.0,False,False,False,False,0,transfer_FX,N
1_3,XJTU,1,158,10.0,10.0,10.0,10.0,10.0,10.0,0.0,1.0,1,0,0.0,0,0.0,0.0,0.0,0,1,,51.0,81.0,never,10-60 (useful),,0.0,76,118.0,1.950413223140497,37.0,1.0,False,False,False,False,0,transfer_FX,N
1_4,XJTU,1,122,10.1,10.1,10.1,10.0,10.0,10.0,0.1,1.0,1,0,0.0,0,0.0,0.1,0.0,0,0,,,,never,never,,,-1,,,,,False,False,True,False,0,transfer_FX,N
1_5,XJTU,1,52,10.033333333333333,10.033333333333333,10.033333333333333,10.0,10.0,10.0,0.03333333333333333,1.0,1,0,0.0,0,0.0,0.03333333333333333,0.0,0,0,,12.0,13.0,never,10-60 (useful),,2.0,38,118.0,1.950413223140497,105.0,1.0,True,False,True,True,0,transfer_FX,N
2_1,XJTU,2,491,10.1,10.1,10.1,10.0,10.0,10.0,0.1,1.0,1,0,0.0,0,0.0,0.1,0.0,0,1,,32.0,32.0,never,10-60 (useful),,6.0,458,118.0,1.950413223140497,86.0,1.0,True,False,False,False,0,transfer_FX,N
2_2,XJTU,2,161,4.666666666666667,4.666666666666667,4.666666666666667,4.666666666666667,4.666666666666667,4.666666666666667,0.0,0.4666666666666667,0,0,0.0,0,0.0,0.0,0.0,0,1,16.0,98.0,106.0,10-60 (useful),>60 (early page),rul,0.0,54,118.0,1.950413223140497,12.0,1.0,False,False,False,False,0,transfer_FX,N
2_3,XJTU,2,533,6.470833333333334,4.470833333333334,11.470833333333333,6.2875000000000005,4.2875000000000005,11.2875,0.18333333333333332,0.0,0,1,1.8666666666666667,0,0.0,0.18333333333333332,1.4166666666666667,0,1,172.0,205.0,262.0,>60 (early page),>60 (early page),rul,11.0,270,118.0,1.950413223140497,30.0,0.0,False,False,False,False,0,transfer_FX,N
2_4,XJTU,2,42,10.066666666666666,10.066666666666666,10.066666666666666,10.0,10.0,10.0,0.06666666666666667,1.0,1,0,0.0,0,0.0,0.06666666666666667,0.0,0,0,,7.0,7.0,never,<10 (miss),,4.0,34,118.0,1.950413223140497,111.0,1.0,False,True,True,True,0,transfer_FX,N
2_5,XJTU,2,339,5.816666666666666,3.8166666666666664,10.816666666666666,5.45,3.4499999999999997,10.45,0.36666666666666664,0.0,0,1,0.6333333333333333,0,0.0,0.36666666666666664,0.5333333333333333,0,1,98.0,152.0,188.0,>60 (early page),>60 (early page),rul,22.0,150,118.0,1.950413223140497,30.0,0.0,True,False,False,False,0,transfer_FX,N
3_1,XJTU,3,2538,0.0,0.0,0.0,0.0,0.0,0.0,0.0,0.0,0,0,0.0,0,0.0,0.0,0.0,0,1,55.0,119.0,145.0,10-60 (useful),>60 (early page),rul,0.0,2392,118.0,1.950413223140497,20.80327868852459,0.0,False,False,False,False,0,transfer_FX,N
3_2,XJTU,3,2496,8.0,6.0,13.0,8.0,6.0,13.0,0.0,0.0,0,1,4.0,0,0.0,0.0,4.0,0,1,1170.0,1200.0,1260.0,>60 (early page),>60 (early page),rul,0.0,1235,118.0,1.950413223140497,30.0,0.0,True,False,False,False,0,transfer_FX,N
3_3,XJTU,3,371,10.05,10.05,10.05,10.0,10.0,10.0,0.05,1.0,1,0,0.0,0,0.0,0.05,0.0,0,1,,23.0,25.0,never,10-60 (useful),,3.0,345,118.0,1.950413223140497,93.0,1.0,True,False,True,False,0,transfer_FX,N
3_4,XJTU,3,1515,9.066666666666666,9.066666666666666,9.066666666666666,9.0,9.0,9.0,0.06666666666666667,0.9,1,0,0.0,0,0.0,0.06666666666666667,0.0,0,1,3.0,72.0,93.0,<10 (miss),>60 (early page),rul,4.0,1421,118.0,1.950413223140497,25.0,1.0,True,False,False,False,0,transfer_FX,N
3_5,XJTU,3,114,10.170833333333333,10.170833333333333,10.170833333333333,9.666666666666666,9.666666666666666,9.666666666666666,0.5041666666666667,0.9666666666666667,1,0,0.0,1,0.016666666666666666,0.0,0.0,0,1,1.0,87.0,91.0,<10 (miss),>60 (early page),rul,-1.0,22,118.0,1.950413223140497,27.0,1.0,True,True,False,False,0,transfer_FX,N
1_1,XJTU,1,123,10.0,10.0,10.0,10.0,10.0,10.0,0.0,1.0,1,0,0.0,0,0.0,0.0,0.0,0,1,,40.0,48.0,never,10-60 (useful),,0.0,74,118.0,1.950413223140497,70.0,1.0,False,False,False,False,0,transfer_FX,D
1_2,XJTU,1,161,0.0,0.0,0.0,0.0,0.0,0.0,0.0,0.0,0,0,0.0,0,0.0,0.0,0.0,0,1,35.0,104.0,125.0,10-60 (useful),>60 (early page),rul,0.0,35,118.0,1.950413223140497,6.540983606557377,0.0,False,False,False,False,0,transfer_FX,D
1_3,XJTU,1,158,10.0,10.0,10.0,10.0,10.0,10.0,0.0,1.0,1,0,0.0,0,0.0,0.0,0.0,0,1,,51.0,81.0,never,10-60 (useful),,0.0,76,118.0,1.950413223140497,37.0,1.0,False,False,False,False,0,transfer_FX,D
1_4,XJTU,1,122,10.1,10.1,10.1,10.0,10.0,10.0,0.1,1.0,1,0,0.0,0,0.0,0.1,0.0,0,0,,,,never,never,,,-1,,,,,False,False,True,False,0,transfer_FX,D
1_5,XJTU,1,52,10.033333333333333,10.033333333333333,10.033333333333333,10.0,10.0,10.0,0.03333333333333333,1.0,1,0,0.0,0,0.0,0.03333333333333333,0.0,0,0,,12.0,13.0,never,10-60 (useful),,2.0,38,118.0,1.950413223140497,105.0,1.0,True,False,True,True,0,transfer_FX,D
2_1,XJTU,2,491,10.1,10.1,10.1,10.0,10.0,10.0,0.1,1.0,1,0,0.0,0,0.0,0.1,0.0,0,1,,32.0,32.0,never,10-60 (useful),,6.0,458,118.0,1.950413223140497,86.0,1.0,True,False,False,False,0,transfer_FX,D
2_2,XJTU,2,161,4.666666666666667,4.666666666666667,4.666666666666667,4.666666666666667,4.666666666666667,4.666666666666667,0.0,0.4666666666666667,0,0,0.0,0,0.0,0.0,0.0,0,1,16.0,98.0,106.0,10-60 (useful),>60 (early page),rul,0.0,54,118.0,1.950413223140497,12.0,1.0,False,False,False,False,0,transfer_FX,D
2_3,XJTU,2,533,6.470833333333334,4.470833333333334,11.470833333333333,6.2875000000000005,4.2875000000000005,11.2875,0.18333333333333332,0.0,0,1,1.8666666666666667,0,0.0,0.18333333333333332,1.4166666666666667,0,1,172.0,205.0,262.0,>60 (early page),>60 (early page),rul,11.0,270,118.0,1.950413223140497,30.0,0.0,False,False,False,False,0,transfer_FX,D
2_4,XJTU,2,42,10.066666666666666,10.066666666666666,10.066666666666666,10.0,10.0,10.0,0.06666666666666667,1.0,1,0,0.0,0,0.0,0.06666666666666667,0.0,0,0,,7.0,7.0,never,<10 (miss),,4.0,34,118.0,1.950413223140497,111.0,1.0,False,True,True,True,0,transfer_FX,D
2_5,XJTU,2,339,5.816666666666666,3.8166666666666664,10.816666666666666,5.45,3.4499999999999997,10.45,0.36666666666666664,0.0,0,1,0.6333333333333333,0,0.0,0.36666666666666664,0.5333333333333333,0,1,98.0,152.0,188.0,>60 (early page),>60 (early page),rul,22.0,150,118.0,1.950413223140497,30.0,0.0,True,False,False,False,0,transfer_FX,D
3_1,XJTU,3,2538,0.0,0.0,0.0,0.0,0.0,0.0,0.0,0.0,0,0,0.0,0,0.0,0.0,0.0,0,1,55.0,119.0,145.0,10-60 (useful),>60 (early page),rul,0.0,2392,118.0,1.950413223140497,20.80327868852459,0.0,False,False,False,False,0,transfer_FX,D
3_2,XJTU,3,2496,8.0,6.0,13.0,8.0,6.0,13.0,0.0,0.0,0,1,4.0,0,0.0,0.0,4.0,0,1,1170.0,1200.0,1260.0,>60 (early page),>60 (early page),rul,0.0,1235,118.0,1.950413223140497,30.0,0.0,True,False,False,False,0,transfer_FX,D
3_3,XJTU,3,371,10.05,10.05,10.05,10.0,10.0,10.0,0.05,1.0,1,0,0.0,0,0.0,0.05,0.0,0,1,,23.0,25.0,never,10-60 (useful),,3.0,345,118.0,1.950413223140497,93.0,1.0,True,False,True,False,0,transfer_FX,D
3_4,XJTU,3,1515,9.066666666666666,9.066666666666666,9.066666666666666,9.0,9.0,9.0,0.06666666666666667,0.9,1,0,0.0,0,0.0,0.06666666666666667,0.0,0,1,3.0,72.0,93.0,<10 (miss),>60 (early page),rul,4.0,1421,118.0,1.950413223140497,25.0,1.0,True,False,False,False,0,transfer_FX,D
3_5,XJTU,3,114,10.170833333333333,10.170833333333333,10.170833333333333,9.666666666666666,9.666666666666666,9.666666666666666,0.5041666666666667,0.9666666666666667,1,0,0.0,1,0.016666666666666666,0.0,0.0,0,1,1.0,87.0,91.0,<10 (miss),>60 (early page),rul,-1.0,22,118.0,1.950413223140497,27.0,1.0,True,True,False,False,0,transfer_FX,D
1_1,XJTU,1,123,10.0,10.0,10.0,10.0,10.0,10.0,0.0,1.0,1,0,0.0,0,0.0,0.0,0.0,0,1,,40.0,52.0,never,10-60 (useful),,0.0,70,106.5,0.8220338983050834,54.5,1.0,False,False,False,False,0,transfer_FX,D'
1_2,XJTU,1,161,0.0,0.0,0.0,0.0,0.0,0.0,0.0,0.0,0,0,0.0,0,0.0,0.0,0.0,0,1,44.0,104.0,123.0,10-60 (useful),>60 (early page),rul,0.0,37,106.5,0.8220338983050834,14.131147540983607,0.0,False,False,False,False,0,transfer_FX,D'
1_3,XJTU,1,158,9.0,9.0,9.0,9.0,9.0,9.0,0.0,0.9,1,0,0.0,0,0.0,0.0,0.0,0,1,3.0,51.0,82.0,<10 (miss),10-60 (useful),rul,0.0,75,106.5,0.8220338983050834,24.5,1.0,False,False,False,False,0,transfer_FX,D'
1_4,XJTU,1,122,10.0,10.0,10.0,10.0,10.0,10.0,0.0,1.0,1,0,0.0,0,0.0,0.0,0.0,0,0,,,30.0,never,never,,0.0,91,106.5,0.8220338983050834,76.5,1.0,False,False,True,False,0,transfer_FX,D'
1_5,XJTU,1,52,10.066666666666666,10.066666666666666,10.066666666666666,10.0,10.0,10.0,0.06666666666666667,1.0,1,0,0.0,0,0.0,0.06666666666666667,0.0,0,0,,11.0,11.0,never,10-60 (useful),,4.0,40,106.5,0.8220338983050834,95.5,1.0,True,False,True,True,0,transfer_FX,D'
2_1,XJTU,2,491,10.1,10.1,10.1,10.0,10.0,10.0,0.1,1.0,1,0,0.0,0,0.0,0.1,0.0,0,1,,32.0,32.0,never,10-60 (useful),,6.0,458,106.5,0.8220338983050834,74.5,1.0,True,False,False,False,0,transfer_FX,D'
2_2,XJTU,2,161,0.3333333333333333,0.3333333333333333,0.3333333333333333,0.3333333333333333,0.3333333333333333,0.3333333333333333,0.0,0.03333333333333333,0,0,0.0,0,0.0,0.0,0.0,0,1,29.0,98.0,108.0,10-60 (useful),>60 (early page),rul,0.0,52,106.5,0.8220338983050834,1.4672131147540983,0.0,False,False,False,False,0,transfer_FX,D'
2_3,XJTU,2,533,7.675000000000001,5.675000000000001,12.675,7.675000000000001,5.675000000000001,12.675,0.0,0.0,0,1,3.7333333333333334,0,0.0,0.0,3.2333333333333334,0,1,284.0,314.0,363.0,>60 (early page),>60 (early page),rul,0.0,169,106.5,0.8220338983050834,30.0,0.0,False,False,False,False,0,transfer_FX,D'
2_4,XJTU,2,42,10.1,10.1,10.1,10.0,10.0,10.0,0.1,1.0,1,0,0.0,0,0.0,0.1,0.0,0,0,,5.0,5.0,never,<10 (miss),,6.0,36,106.5,0.8220338983050834,101.5,1.0,False,True,True,True,0,transfer_FX,D'
2_5,XJTU,2,339,5.883333333333334,3.8833333333333333,10.883333333333333,5.566666666666667,3.566666666666667,10.566666666666666,0.31666666666666665,0.0,0,1,0.8666666666666667,0,0.0,0.31666666666666665,0.5333333333333333,0,1,112.0,152.0,191.0,>60 (early page),>60 (early page),rul,19.0,147,106.5,0.8220338983050834,30.0,0.0,True,False,False,False,0,transfer_FX,D'
3_1,XJTU,3,2538,5.133333333333334,3.1333333333333333,10.133333333333333,5.133333333333334,3.1333333333333333,10.133333333333333,0.0,0.0,0,1,0.26666666666666666,0,0.0,0.0,0.0,0,1,76.0,119.0,155.0,>60 (early page),>60 (early page),rul,0.0,2382,106.5,0.8220338983050834,28.81967213114754,0.0,False,False,False,False,0,transfer_FX,D'
3_2,XJTU,3,2496,10.5,8.5,15.5,8.0,6.0,13.0,2.5,0.0,0,1,4.0,1,8.0,0.0,4.0,0,1,2243.0,2273.0,2322.0,>60 (early page),>60 (early page),rul,-849.0,173,106.5,0.8220338983050834,30.0,0.0,True,False,False,False,0,transfer_FX,D'
3_3,XJTU,3,371,10.083333333333334,10.083333333333334,10.083333333333334,10.0,10.0,10.0,0.08333333333333333,1.0,1,0,0.0,0,0.0,0.08333333333333333,0.0,0,1,,23.0,23.0,never,10-60 (useful),,5.0,347,106.5,0.8220338983050834,83.5,1.0,True,False,True,False,0,transfer_FX,D'
3_4,XJTU,3,1515,6.1,6.1,6.1,6.0,6.0,6.0,0.1,0.6,0,0,0.0,0,0.0,0.1,0.0,0,1,12.0,72.0,91.0,10-60 (useful),>60 (early page),rul,6.0,1423,106.5,0.8220338983050834,15.5,1.0,True,False,False,False,0,transfer_FX,D'
3_5,XJTU,3,114,6.666666666666666,6.666666666666666,6.666666666666666,6.666666666666666,6.666666666666666,6.666666666666666,0.0,0.6666666666666666,0,0,0.0,0,0.0,0.0,0.0,0,1,10.0,87.0,89.0,10-60 (useful),>60 (early page),rul,0.0,24,106.5,0.8220338983050834,17.5,1.0,True,True,False,False,0,transfer_FX,D'
1_1,XJTU,1,123,0.0,0.0,0.0,0.0,0.0,0.0,0.0,0.0,0,0,0.0,0,0.0,0.0,0.0,0,1,44.0,47.0,47.0,10-60 (useful),10-60 (useful),rul,0.0,75,35.53642857142858,0.0,13.082523809523806,0.8387096774193549,False,False,False,False,1,transfer_FX,R0
1_2,XJTU,1,161,5.4,3.4,10.399999999999999,5.233333333333333,3.2333333333333334,10.233333333333333,0.16666666666666666,0.0,0,1,0.4666666666666667,0,0.0,0.16666666666666666,0.0,0,1,97.0,100.0,100.0,>60 (early page),>60 (early page),rul,10.0,60,39.79757142857143,0.0,15.594178766588607,0.6774193548387096,False,False,False,False,2,transfer_FX,R0
1_3,XJTU,1,158,2.333333333333333,2.333333333333333,2.333333333333333,1.6666666666666665,1.6666666666666665,1.6666666666666665,0.6666666666666666,0.16666666666666666,0,0,0.0,0,0.0,0.6666666666666666,0.0,0,1,25.0,26.0,26.0,10-60 (useful),10-60 (useful),rul,40.0,131,31.340476190476178,0.0,7.38831850117096,1.0,False,False,False,False,0,transfer_FX,R0
1_4,XJTU,1,122,10.1,10.1,10.1,10.0,10.0,10.0,0.1,1.0,1,0,0.0,0,0.0,0.1,0.0,0,0,,,,never,never,,,-1,,,51.45991269841272,1.0,False,False,True,False,0,transfer_FX,R0
1_5,XJTU,1,52,7.1,7.1,7.1,7.0,7.0,7.0,0.1,0.7,1,0,0.0,0,0.0,0.1,0.0,0,0,9.0,9.0,9.0,<10 (miss),<10 (miss),rul,6.0,42,22.901,0.0,17.438404761904756,1.0,True,False,True,True,0,transfer_FX,R0
2_1,XJTU,2,491,2.75,2.75,2.75,2.6666666666666665,2.6666666666666665,2.6666666666666665,0.08333333333333333,0.26666666666666666,0,0,0.0,0,0.0,0.08333333333333333,0.0,0,1,22.0,33.0,33.0,10-60 (useful),10-60 (useful),rul,5.0,457,46.52495238095237,0.0,9.059499389499386,1.0,True,False,False,False,0,transfer_FX,R0
2_2,XJTU,2,161,5.108333333333333,3.1083333333333334,10.108333333333333,5.008333333333334,3.0083333333333333,10.008333333333333,0.1,0.0,0,1,0.016666666666666666,0,0.0,0.1,0.0,0,1,69.0,100.0,100.0,>60 (early page),>60 (early page),rul,6.0,60,56.44795238095238,0.0,12.273836065573775,0.9354838709677419,False,False,False,False,4,transfer_FX,R0
2_3,XJTU,2,533,7.495833333333334,5.495833333333334,12.495833333333332,6.329166666666667,4.329166666666667,11.329166666666666,1.1666666666666667,0.0,0,1,1.9666666666666666,0,0.0,1.1666666666666667,1.3833333333333333,0,1,178.0,203.0,203.0,>60 (early page),>60 (early page),rul,70.0,329,42.76323809523807,0.0,13.876801717408274,0.5483870967741935,False,False,False,False,0,transfer_FX,R0
2_4,XJTU,2,42,8.083333333333334,8.083333333333334,8.083333333333334,8.0,8.0,8.0,0.08333333333333333,0.8,1,0,0.0,0,0.0,0.08333333333333333,0.0,0,0,6.0,6.0,6.0,<10 (miss),<10 (miss),rul,5.0,35,19.793380952380947,0.0,16.966968253968258,1.0,False,True,True,True,0,transfer_FX,R0
2_5,XJTU,2,339,6.445833333333333,4.445833333333333,11.445833333333333,5.279166666666666,3.279166666666667,10.279166666666667,1.1666666666666667,0.0,0,1,0.48333333333333334,0,0.0,1.1666666666666667,0.15,0,1,140.0,140.0,140.0,>60 (early page),>60 (early page),rul,70.0,198,24.81476190476192,0.0,15.653985948477755,0.5806451612903226,True,False,False,False,1,transfer_FX,R0
3_1,XJTU,3,2538,12.191666666666668,10.191666666666668,17.191666666666666,6.108333333333333,4.108333333333333,11.108333333333333,6.083333333333333,0.0,0,1,0.21666666666666667,8,8.0,0.08333333333333333,4.0,0,1,73.0,2180.0,123.0,>60 (early page),>60 (early page),rul,5.0,112,67.7547619047619,9.627619047619056,12.213243559718974,0.9032258064516129,False,False,False,False,266,transfer_FX,R0
3_2,XJTU,3,2496,14.0,14.0,14.0,10.0,10.0,10.0,14.0,1.0,1,0,0.0,0,0.0,4.0,0.0,1,1,,,,never,never,,,-1,,,14.016677595628416,0.6451612903225806,True,False,False,False,0,transfer_FX,R0
3_3,XJTU,3,371,1.7166666666666666,1.7166666666666666,1.7166666666666666,1.6666666666666665,1.6666666666666665,1.6666666666666665,0.05,0.16666666666666666,0,0,0.0,0,0.0,0.05,0.0,0,1,25.0,25.0,25.0,10-60 (useful),10-60 (useful),rul,3.0,345,20.748047619047615,0.0,7.695602627257798,0.8064516129032258,True,False,True,False,1,transfer_FX,R0
3_4,XJTU,3,1515,5.55,3.5500000000000003,10.549999999999999,5.066666666666666,3.066666666666667,10.066666666666666,0.48333333333333334,0.0,0,1,0.13333333333333333,0,0.0,0.48333333333333334,0.0,0,1,68.0,68.0,68.0,>60 (early page),>60 (early page),rul,29.0,1446,21.74671428571429,0.0,18.614177205308355,0.6129032258064516,True,False,False,False,0,transfer_FX,R0
3_5,XJTU,3,114,5.683333333333333,3.6833333333333336,10.683333333333335,5.083333333333333,3.0833333333333335,10.083333333333334,0.6000000000000001,0.0,0,1,0.16666666666666666,1,0.06666666666666667,0.08333333333333333,0.0,0,1,79.0,103.0,79.0,>60 (early page),>60 (early page),rul,5.0,10,43.36461904761903,0.0,12.35553161592506,0.7741935483870968,True,True,False,False,3,transfer_FX,R0
